unicode,Cust_IMID,cust_id,Team_ID
40000000,10000,1,1
40000002,10000,1,1
40000003,13067,1381,1375
40000010,11340,167,162
40000043,10563,28,26
40000116,10576,35,33
40000116,10576,35,33
40000117,10576,35,33
40000118,10576,35,33
40000119,10576,35,33
40000120,10576,35,33
40000121,10576,35,33
40000122,10576,35,33
40000160,15077,992,987
40000174,10896,273,268
40000184,15114,1286,1280
40000186,10729,96,94
40000188,13108,261,256
40000211,13226,334,329
40000224,10814,67,65
40000273,10688,163,158
40000274,11672,339,334
40000300,10729,96,94
40000342,10729,96,94
40000343,16589,1542,1536
40000345,13226,334,329
40000349,11351,109,107
40000351,11351,109,107
40000364,13108,261,256
40000392,10814,67,65
40000399,12940,253,248
40000423,10896,273,268
40000423,10896,273,268
40000453,14115,494,489
40000455,10814,67,65
40000457,10563,28,26
40000464,10814,67,65
40000480,13185,286,281
40000481,11589,130,125
40000482,11589,130,125
40000483,11589,130,125
40000534,10896,273,268
40000534,10896,273,268
40000535,10896,273,268
40000535,10896,273,268
40000536,10896,273,268
40000536,10896,273,268
40000542,13529,326,321
40000543,13529,326,321
40000545,13617,355,350
40000545,13617,355,350
40000547,12348,155,150
40000550,13185,286,281
40000552,13185,286,281
40000555,13185,286,281
40000556,11589,130,125
40000559,13185,286,281
40000574,11351,109,107
40000584,11903,142,137
40000586,13209,352,347
40000589,10814,67,65
40000591,10814,67,65
40000592,10814,67,65
40000593,10814,67,65
40000595,10814,67,65
40000596,10814,67,65
40000604,10814,67,65
40000605,10814,67,65
40000611,13247,282,277
40000612,10814,67,65
40000613,10814,67,65
40000615,11903,142,137
40000617,11903,142,137
40000619,11903,142,137
40000640,10479,169,164
40000662,13108,261,256
40000670,10814,67,65
40000671,10814,67,65
40000672,10814,67,65
40000675,10814,67,65
40000678,10814,67,65
40000686,10814,67,65
40000706,12348,155,150
40000708,13209,352,347
40000716,12179,165,160
40000717,12179,165,160
40000721,13209,352,347
40000723,12503,175,170
40000726,12503,175,170
40000727,12503,175,170
40000737,12502,174,169
40000737,12502,174,169
40000747,13772,367,362
40000748,13772,367,362
40000763,12179,165,160
40000764,13772,367,362
40000772,13772,367,362
40000784,13108,261,256
40000785,12940,253,248
40000787,12905,248,243
40000789,10000,1,1
40000790,12778,214,209
40000806,11340,167,162
40000815,12778,214,209
40000818,12778,214,209
40000820,11582,200,195
40000830,12348,155,150
40000831,11582,200,195
40000836,12487,201,196
40000861,12623,208,203
40000873,13772,367,362
40000875,13772,367,362
40000886,13772,367,362
40000887,13772,367,362
40000889,12778,214,209
40000895,12778,214,209
40000896,12778,214,209
40000900,12778,214,209
40000921,12778,214,209
40000923,13772,367,362
40000934,13772,367,362
40000942,13251,287,282
40000943,12179,165,160
40000944,13251,287,282
40000947,11516,303,298
40000950,12778,214,209
40000951,12098,150,145
40000952,12098,150,145
40000953,11516,303,298
40000954,10612,368,363
40000955,10729,96,94
40000956,11516,303,298
40000957,12179,165,160
40000962,11516,303,298
40000964,12778,214,209
40000971,10612,368,363
40000974,12778,214,209
40000976,12778,214,209
40000978,13381,377,372
40000980,10612,368,363
40000985,12778,214,209
40000990,12778,214,209
40000992,12778,214,209
40000995,12778,214,209
40001005,12778,214,209
40001006,12778,214,209
40001011,12778,214,209
40001012,12778,214,209
40001014,12778,214,209
40001016,12778,214,209
40001019,12778,214,209
40001021,12778,214,209
40001024,12778,214,209
40001029,10814,67,65
40001032,10814,67,65
40001033,12778,214,209
40001041,12778,214,209
40001053,12778,214,209
40001055,12778,214,209
40001056,13185,286,281
40001063,12778,214,209
40001066,13054,280,275
40001081,12778,214,209
40001082,12857,266,261
40001083,12857,266,261
40001084,12778,214,209
40001086,13364,305,300
40001087,12778,214,209
40001089,12778,214,209
40001090,12778,214,209
40001092,12778,214,209
40001093,12778,214,209
40001094,12778,214,209
40001096,12778,214,209
40001099,12778,214,209
40001101,10814,67,65
40001102,12778,214,209
40001103,12778,214,209
40001104,12905,248,243
40001107,12778,214,209
40001109,12778,214,209
40001111,12098,150,145
40001112,12098,150,145
40001115,12098,150,145
40001122,12179,165,160
40001127,12179,165,160
40001129,12179,165,160
40001134,10814,67,65
40001136,12778,214,209
40001137,12778,214,209
40001143,12179,165,160
40001144,14221,532,527
40001145,12179,165,160
40001152,12778,214,209
40001156,12778,214,209
40001157,12778,214,209
40001159,12179,165,160
40001161,12179,165,160
40001165,12179,165,160
40001167,12179,165,160
40001167,12179,165,160
40001168,12179,165,160
40001170,12778,214,209
40001173,13529,326,321
40001176,13209,352,347
40001181,13209,352,347
40001184,12778,214,209
40001189,10896,273,268
40001193,12905,248,243
40001199,12179,165,160
40001218,12905,248,243
40001220,12905,248,243
40001227,13209,352,347
40001229,13185,286,281
40001232,12940,253,248
40001234,13108,261,256
40001235,12487,201,196
40001236,12487,201,196
40001240,12487,201,196
40001243,12487,201,196
40001244,12487,201,196
40001248,12487,201,196
40001253,12905,248,243
40001255,12905,248,243
40001256,13108,261,256
40001259,12905,248,243
40001261,12905,248,243
40001262,12905,248,243
40001263,12905,248,243
40001264,12905,248,243
40001268,12487,201,196
40001271,12940,253,248
40001274,12940,253,248
40001277,13108,261,256
40001311,15261,1080,1074
40001313,13185,286,281
40001318,10055,301,296
40001335,13108,261,256
40001338,13173,279,274
40001339,13173,279,274
40001340,13173,279,274
40001344,10298,278,273
40001348,13390,386,381
40001349,10055,301,296
40001350,13108,261,256
40001352,14104,578,573
40001359,13251,287,282
40001363,10055,301,296
40001365,13251,287,282
40001366,13251,287,282
40001367,10055,301,296
40001381,12025,284,279
40001382,12025,284,279
40001385,11672,339,334
40001389,10055,301,296
40001390,10055,301,296
40001391,13251,287,282
40001395,11351,109,107
40001397,10055,301,296
40001399,13251,287,282
40001400,13251,287,282
40001407,12778,214,209
40001408,13108,261,256
40001409,13108,261,256
40001410,13108,261,256
40001413,13364,305,300
40001418,11516,303,298
40001419,13364,305,300
40001420,13364,305,300
40001425,12857,266,261
40001426,13209,352,347
40001440,13209,352,347
40001441,13185,286,281
40001444,13364,305,300
40001445,13364,305,300
40001451,13251,287,282
40001455,11351,109,107
40001457,13251,287,282
40001457,13251,287,282
40001462,13364,305,300
40001470,13364,305,300
40001474,13364,305,300
40001475,11672,339,334
40001503,10055,301,296
40001518,10563,28,26
40001519,10563,28,26
40001521,12098,150,145
40001524,12940,253,248
40001535,13768,816,811
40001555,10814,67,65
40001558,10814,67,65
40001559,10896,273,268
40001559,10896,273,268
40001561,10896,273,268
40001561,10896,273,268
40001562,10896,273,268
40001563,10896,273,268
40001563,10896,273,268
40001565,10896,273,268
40001566,10563,28,26
40001570,10814,67,65
40001571,10896,273,268
40001573,13251,287,282
40001576,10896,273,268
40001578,11672,339,334
40001579,13251,287,282
40001583,13251,287,282
40001592,11672,339,334
40001594,10896,273,268
40001594,10896,273,268
40001596,12778,214,209
40001597,13251,287,282
40001600,13226,334,329
40001603,10896,273,268
40001603,10896,273,268
40001604,10896,273,268
40001604,10896,273,268
40001605,10896,273,268
40001605,10896,273,268
40001607,10896,273,268
40001609,11672,339,334
40001610,14104,578,573
40001610,14104,578,573
40001613,13251,287,282
40001618,13772,367,362
40001627,10896,273,268
40001627,10896,273,268
40001628,13209,352,347
40001629,10896,273,268
40001629,10896,273,268
40001630,10896,273,268
40001630,10896,273,268
40001632,10896,273,268
40001632,10896,273,268
40001635,11672,339,334
40001636,11672,339,334
40001637,10896,273,268
40001637,10896,273,268
40001638,13226,334,329
40001641,11672,339,334
40001643,11672,339,334
40001644,11672,339,334
40001645,10729,96,94
40001649,13381,377,372
40001652,11672,339,334
40001654,13209,352,347
40001655,14104,578,573
40001655,14104,578,573
40001657,10896,273,268
40001657,10896,273,268
40001660,11672,339,334
40001669,11672,339,334
40001671,10896,273,268
40001671,10896,273,268
40001672,10896,273,268
40001672,10896,273,268
40001673,10896,273,268
40001673,10896,273,268
40001674,10896,273,268
40001674,10896,273,268
40001675,10896,273,268
40001677,11672,339,334
40001678,11672,339,334
40001679,10896,273,268
40001679,10896,273,268
40001680,11672,339,334
40001682,11672,339,334
40001683,11672,339,334
40001685,11672,339,334
40001686,11672,339,334
40001687,11672,339,334
40001689,11672,339,334
40001691,11672,339,334
40001692,10896,273,268
40001692,10896,273,268
40001693,11672,339,334
40001694,11672,339,334
40001695,11672,339,334
40001696,11672,339,334
40001697,11672,339,334
40001698,11672,339,334
40001699,11672,339,334
40001700,13381,377,372
40001701,11672,339,334
40001702,14104,578,573
40001706,10351,522,517
40001717,11672,339,334
40001719,13209,352,347
40001720,11672,339,334
40001721,11672,339,334
40001722,11672,339,334
40001724,11672,339,334
40001726,10498,541,536
40001727,11672,339,334
40001728,11672,339,334
40001729,11672,339,334
40001730,14104,578,573
40001730,14104,578,573
40001731,11672,339,334
40001737,11672,339,334
40001738,11672,339,334
40001740,13381,377,372
40001741,11672,339,334
40001743,11672,339,334
40001744,13364,305,300
40001747,11672,339,334
40001748,13390,386,381
40001749,13364,305,300
40001751,11672,339,334
40001752,11672,339,334
40001753,10612,368,363
40001754,13247,282,277
40001755,11672,339,334
40001756,11672,339,334
40001757,11672,339,334
40001768,11672,339,334
40001769,11672,339,334
40001771,11672,339,334
40001772,11672,339,334
40001779,11672,339,334
40001780,11672,339,334
40001782,13364,305,300
40001784,13390,386,381
40001786,13364,305,300
40001792,13390,386,381
40001793,13381,377,372
40001794,13390,386,381
40001797,11672,339,334
40001804,13390,386,381
40001805,13390,386,381
40001807,13390,386,381
40001811,11672,339,334
40001813,13390,386,381
40001815,14115,494,489
40001816,13247,282,277
40001817,13364,305,300
40001818,13381,377,372
40001819,13390,386,381
40001820,11672,339,334
40001825,13054,280,275
40001836,11672,339,334
40001840,11672,339,334
40001841,14104,578,573
40001841,14104,578,573
40001842,10612,368,363
40001844,11582,200,195
40001845,13381,377,372
40001846,11672,339,334
40001847,10612,368,363
40001858,10939,1595,1589
40001860,11672,339,334
40001861,10612,368,363
40001862,13364,305,300
40001863,11672,339,334
40001867,10612,368,363
40001868,13251,287,282
40001869,10612,368,363
40001870,14104,578,573
40001873,10612,368,363
40001874,11672,339,334
40001875,13381,377,372
40001876,13251,287,282
40001877,11672,339,334
40001878,11672,339,334
40001879,11672,339,334
40001882,13364,305,300
40001883,11672,339,334
40001884,11672,339,334
40001891,13108,261,256
40001892,13108,261,256
40001893,14104,578,573
40001894,13390,386,381
40001895,11672,339,334
40001897,10612,368,363
40001900,10612,368,363
40001901,10612,368,363
40001902,11672,339,334
40001903,11672,339,334
40001904,11582,200,195
40001909,11672,339,334
40001910,11672,339,334
40001912,14783,677,672
40001926,14104,578,573
40001926,14104,578,573
40001931,13585,429,424
40001932,11672,339,334
40001933,14115,494,489
40001937,11672,339,334
40001966,11672,339,334
40001967,11672,339,334
40001970,11672,339,334
40001972,13390,386,381
40001973,13390,386,381
40002032,11672,339,334
40002045,13209,352,347
40002047,13585,429,424
40002054,10612,368,363
40002057,10612,368,363
40002063,14104,578,573
40002063,14104,578,573
40002067,10612,368,363
40002090,10563,28,26
40002093,13772,367,362
40002094,13585,429,424
40002097,13772,367,362
40002100,13209,352,347
40002101,10612,368,363
40002102,10612,368,363
40002106,14104,578,573
40002106,14104,578,573
40002107,13209,352,347
40002108,10351,522,517
40002115,13743,436,431
40002116,13209,352,347
40002144,13108,261,256
40002146,14104,578,573
40002151,13743,436,431
40002162,10612,368,363
40002163,13743,436,431
40002175,14104,578,573
40002175,14104,578,573
40002180,15187,987,982
40002190,13108,261,256
40002191,13108,261,256
40002192,13108,261,256
40002193,13108,261,256
40002202,13209,352,347
40002203,14016,455,450
40002247,12503,175,170
40002248,13209,352,347
40002249,13251,287,282
40002250,14088,481,476
40002253,13209,352,347
40002255,13209,352,347
40002256,10000,1,1
40002259,14104,578,573
40002263,13209,352,347
40002268,13209,352,347
40002270,13251,287,282
40002271,13209,352,347
40002272,14142,1666,1660
40002275,14104,578,573
40002277,13209,352,347
40002291,11136,496,491
40002294,13585,429,424
40002299,13209,352,347
40002300,13209,352,347
40002302,13585,429,424
40002303,13209,352,347
40002303,13209,352,347
40002304,13209,352,347
40002305,13585,429,424
40002308,13585,429,424
40002309,13209,352,347
40002310,13209,352,347
40002312,13209,352,347
40002313,13209,352,347
40002315,13209,352,347
40002316,13209,352,347
40002318,11618,274,269
40002319,13209,352,347
40002320,13209,352,347
40002321,13209,352,347
40002322,13209,352,347
40002337,11582,200,195
40002341,13247,282,277
40002342,14104,578,573
40002347,13173,279,274
40002348,11136,496,491
40002349,13585,429,424
40002351,13209,352,347
40002353,12179,165,160
40002353,12179,165,160
40002354,13209,352,347
40002355,14016,455,450
40002360,14104,578,573
40002363,13743,436,431
40002364,13209,352,347
40002369,14104,578,573
40002369,14104,578,573
40002370,13585,429,424
40002372,13209,352,347
40002378,11582,200,195
40002380,14104,578,573
40002385,11582,200,195
40002390,13209,352,347
40002393,13209,352,347
40002394,13209,352,347
40002394,13209,352,347
40002395,13209,352,347
40002396,13209,352,347
40002400,13209,352,347
40002401,13209,352,347
40002404,13209,352,347
40002405,13209,352,347
40002408,13209,352,347
40002409,13209,352,347
40002410,13209,352,347
40002413,13209,352,347
40002414,13209,352,347
40002418,10498,541,536
40002419,13209,352,347
40002421,13209,352,347
40002424,13209,352,347
40002429,11582,200,195
40002430,14104,578,573
40002431,11582,200,195
40002431,11582,200,195
40002432,11582,200,195
40002432,11582,200,195
40002433,11582,200,195
40002434,11582,200,195
40002437,11136,496,491
40002438,13815,539,534
40002439,14088,481,476
40002441,13772,367,362
40002443,14115,494,489
40002446,14088,481,476
40002454,13108,261,256
40002456,11582,200,195
40002458,13209,352,347
40002462,13209,352,347
40002464,13209,352,347
40002466,14088,481,476
40002470,14088,481,476
40002471,13209,352,347
40002474,13209,352,347
40002477,13209,352,347
40002479,13209,352,347
40002480,13209,352,347
40002483,11618,274,269
40002493,11582,200,195
40002499,11136,496,491
40002499,11136,496,491
40002505,11136,496,491
40002506,14104,578,573
40002512,11618,274,269
40002518,11136,496,491
40002524,14104,578,573
40002524,14104,578,573
40002526,14104,578,573
40002526,14104,578,573
40002530,16022,1277,1271
40002531,10745,609,604
40002534,10612,368,363
40002538,10745,609,604
40002539,11351,109,107
40002540,11136,496,491
40002543,14104,578,573
40002544,10745,609,604
40002545,14088,481,476
40002548,14104,578,573
40002554,14104,578,573
40002554,14104,578,573
40002557,13108,261,256
40002563,10896,273,268
40002563,10896,273,268
40002566,14806,926,921
40002569,12675,324,319
40002573,14104,578,573
40002575,15077,992,987
40002576,14104,578,573
40002576,14104,578,573
40002578,14104,578,573
40002579,14104,578,573
40002579,14104,578,573
40002582,14104,578,573
40002582,14104,578,573
40002583,14104,578,573
40002583,14104,578,573
40002584,14104,578,573
40002584,14104,578,573
40002586,14450,574,569
40002589,14104,578,573
40002589,14104,578,573
40002590,14104,578,573
40002592,15261,1080,1074
40002598,14801,1097,1091
40002598,14801,1097,1091
40002600,14221,532,527
40002601,11136,496,491
40002604,15577,1386,1380
40002613,14115,494,489
40002646,10055,301,296
40002648,11136,496,491
40002648,11136,496,491
40002652,10055,301,296
40002653,14104,578,573
40002653,14104,578,573
40002662,14184,533,528
40002669,14570,611,606
40002673,14184,533,528
40002674,10745,609,604
40002679,10498,541,536
40002682,10351,522,517
40002683,14115,494,489
40002701,14088,481,476
40002705,14104,578,573
40002706,14599,616,611
40002707,14115,494,489
40002708,14570,611,606
40002714,10896,273,268
40002714,10896,273,268
40002717,11618,274,269
40002718,11618,274,269
40002719,11618,274,269
40002720,11618,274,269
40002721,11618,274,269
40002724,12348,155,150
40002726,11618,274,269
40002727,11618,274,269
40002730,15938,1272,1266
40002742,15617,1109,1103
40002757,14184,533,528
40002767,10055,301,296
40002772,13108,261,256
40002773,11136,496,491
40002776,10498,541,536
40002783,10351,522,517
40002783,10351,522,517
40002787,14088,481,476
40002789,14088,481,476
40002790,10351,522,517
40002790,10351,522,517
40002792,10351,522,517
40002792,10351,522,517
40002793,10351,522,517
40002793,10351,522,517
40002797,14088,481,476
40002802,14088,481,476
40002803,14088,481,476
40002805,14221,532,527
40002806,10612,368,363
40002815,14104,578,573
40002832,14104,578,573
40002833,13209,352,347
40002834,14149,561,556
40002837,14104,578,573
40002837,14104,578,573
40002838,14104,578,573
40002838,14104,578,573
40002841,14104,578,573
40002842,14104,578,573
40002843,10298,278,273
40002846,12940,253,248
40002854,14221,532,527
40002855,12179,165,160
40002869,14104,578,573
40002879,10351,522,517
40002882,14570,611,606
40002884,14104,578,573
40002884,14104,578,573
40002887,14104,578,573
40002887,14104,578,573
40002891,10498,541,536
40002892,14221,532,527
40002895,13108,261,256
40002895,13108,261,256
40002903,13209,352,347
40002904,13108,261,256
40002909,13108,261,256
40002909,13108,261,256
40002910,13108,261,256
40002910,13108,261,256
40002911,13108,261,256
40002912,13108,261,256
40002914,13108,261,256
40002915,13108,261,256
40002915,13108,261,256
40002916,13768,816,811
40002923,14104,578,573
40002925,13108,261,256
40002930,10498,541,536
40002932,13108,261,256
40002932,13108,261,256
40002936,13108,261,256
40002937,13108,261,256
40002937,13108,261,256
40002940,13108,261,256
40002945,13108,261,256
40002945,13108,261,256
40002964,13815,539,534
40002970,13108,261,256
40002970,13108,261,256
40002974,13108,261,256
40002977,14104,578,573
40002979,10498,541,536
40002981,14104,578,573
40002981,14104,578,573
40002982,13108,261,256
40002982,13108,261,256
40002983,13108,261,256
40002983,13108,261,256
40002984,13108,261,256
40002984,13108,261,256
40002986,10498,541,536
40002987,13108,261,256
40002987,13108,261,256
40002990,13108,261,256
40002990,13108,261,256
40002993,10351,522,517
40002995,14184,533,528
40002996,10351,522,517
40002997,13108,261,256
40002997,13108,261,256
40002998,14450,574,569
40002999,14570,611,606
40003000,10351,522,517
40003001,10351,522,517
40003003,10351,522,517
40003005,10351,522,517
40003007,13108,261,256
40003008,10351,522,517
40003009,10351,522,517
40003011,14104,578,573
40003012,10351,522,517
40003012,10351,522,517
40003013,10351,522,517
40003014,10351,522,517
40003017,10351,522,517
40003019,14104,578,573
40003023,10351,522,517
40003025,11136,496,491
40003027,14104,578,573
40003028,14570,611,606
40003029,10351,522,517
40003030,14115,494,489
40003032,14104,578,573
40003032,14104,578,573
40003035,10351,522,517
40003038,10351,522,517
40003039,10351,522,517
40003044,10351,522,517
40003046,10351,522,517
40003048,13108,261,256
40003049,10351,522,517
40003050,13772,367,362
40003052,10351,522,517
40003053,10351,522,517
40003054,13108,261,256
40003057,10351,522,517
40003058,10351,522,517
40003061,10351,522,517
40003062,14542,600,595
40003063,14184,533,528
40003064,13108,261,256
40003068,10351,522,517
40003069,13108,261,256
40003070,10351,522,517
40003072,10351,522,517
40003074,10351,522,517
40003079,10351,522,517
40003081,14570,611,606
40003084,10351,522,517
40003085,10351,522,517
40003088,10351,522,517
40003092,10498,541,536
40003093,10498,541,536
40003095,10498,541,536
40003096,10896,273,268
40003096,10896,273,268
40003100,14104,578,573
40003100,14104,578,573
40003101,13209,352,347
40003103,10612,368,363
40003104,10612,368,363
40003106,13251,287,282
40003108,13815,539,534
40003119,14104,578,573
40003121,11618,274,269
40003125,13251,287,282
40003139,12348,155,150
40003140,11136,496,491
40003141,13226,334,329
40003144,10351,522,517
40003146,14184,533,528
40003148,14184,533,528
40003149,14184,533,528
40003151,14184,533,528
40003152,14184,533,528
40003154,14184,533,528
40003155,14184,533,528
40003156,14184,533,528
40003157,14184,533,528
40003158,14184,533,528
40003161,14184,533,528
40003162,14184,533,528
40003163,14184,533,528
40003164,14184,533,528
40003165,14184,533,528
40003166,14184,533,528
40003167,12940,253,248
40003177,14806,926,921
40003186,15617,1109,1103
40003192,10351,522,517
40003195,13585,429,424
40003196,10351,522,517
40003198,10351,522,517
40003199,13585,429,424
40003206,10351,522,517
40003226,13108,261,256
40003226,13108,261,256
40003232,13108,261,256
40003232,13108,261,256
40003238,14184,533,528
40003239,14986,851,846
40003241,14184,533,528
40003243,14184,533,528
40003246,13108,261,256
40003247,13108,261,256
40003249,14184,533,528
40003251,14104,578,573
40003251,14104,578,573
40003253,14420,563,558
40003254,13108,261,256
40003262,10351,522,517
40003263,10351,522,517
40003264,10351,522,517
40003265,10351,522,517
40003267,10351,522,517
40003270,10351,522,517
40003270,10351,522,517
40003271,10351,522,517
40003275,14184,533,528
40003276,12857,266,261
40003277,12857,266,261
40003279,13364,305,300
40003280,14184,533,528
40003281,14184,533,528
40003283,14184,533,528
40003284,13743,436,431
40003285,14184,533,528
40003287,13108,261,256
40003288,14104,578,573
40003288,14104,578,573
40003289,14104,578,573
40003289,14104,578,573
40003290,13108,261,256
40003291,13108,261,256
40003292,14104,578,573
40003298,14184,533,528
40003299,14184,533,528
40003303,12857,266,261
40003306,14088,481,476
40003310,14184,533,528
40003311,12857,266,261
40003312,12857,266,261
40003317,14496,591,586
40003320,12098,150,145
40003321,14104,578,573
40003321,14104,578,573
40003322,14104,578,573
40003322,14104,578,573
40003323,13108,261,256
40003324,14104,578,573
40003324,14104,578,573
40003325,14104,578,573
40003327,14104,578,573
40003328,14184,533,528
40003331,14104,578,573
40003333,14104,578,573
40003333,14104,578,573
40003334,14104,578,573
40003334,14104,578,573
40003336,14104,578,573
40003336,14104,578,573
40003337,14104,578,573
40003337,14104,578,573
40003338,14104,578,573
40003339,14104,578,573
40003339,14104,578,573
40003340,14104,578,573
40003341,14104,578,573
40003342,14104,578,573
40003343,14104,578,573
40003344,14104,578,573
40003345,14582,781,776
40003346,14104,578,573
40003346,14104,578,573
40003347,13108,261,256
40003348,14104,578,573
40003349,13108,261,256
40003350,14104,578,573
40003351,14104,578,573
40003351,14104,578,573
40003354,14104,578,573
40003354,14104,578,573
40003361,13108,261,256
40003361,13108,261,256
40003365,13108,261,256
40003367,13108,261,256
40003367,13108,261,256
40003385,13251,287,282
40003388,14496,591,586
40003390,14104,578,573
40003390,14104,578,573
40003397,14104,578,573
40003397,14104,578,573
40003400,14104,578,573
40003400,14104,578,573
40003401,14104,578,573
40003401,14104,578,573
40003419,10351,522,517
40003419,10351,522,517
40003423,14104,578,573
40003424,14104,578,573
40003424,14104,578,573
40003425,14104,578,573
40003425,14104,578,573
40003426,14104,578,573
40003426,14104,578,573
40003427,14104,578,573
40003427,14104,578,573
40003428,14104,578,573
40003428,14104,578,573
40003430,14104,578,573
40003430,14104,578,573
40003431,14104,578,573
40003431,14104,578,573
40003432,14104,578,573
40003432,14104,578,573
40003433,14104,578,573
40003433,14104,578,573
40003434,14104,578,573
40003434,14104,578,573
40003435,10896,273,268
40003435,10896,273,268
40003436,14104,578,573
40003436,14104,578,573
40003437,14104,578,573
40003437,14104,578,573
40003438,14104,578,573
40003439,14104,578,573
40003439,14104,578,573
40003440,14104,578,573
40003440,14104,578,573
40003441,14104,578,573
40003441,14104,578,573
40003443,14104,578,573
40003443,14104,578,573
40003444,14104,578,573
40003444,14104,578,573
40003445,14104,578,573
40003445,14104,578,573
40003446,14104,578,573
40003446,14104,578,573
40003447,14104,578,573
40003448,14104,578,573
40003448,14104,578,573
40003450,14104,578,573
40003451,14104,578,573
40003452,13108,261,256
40003452,13108,261,256
40003454,14104,578,573
40003454,14104,578,573
40003455,14104,578,573
40003456,14104,578,573
40003456,14104,578,573
40003457,14104,578,573
40003457,14104,578,573
40003458,14104,578,573
40003458,14104,578,573
40003459,14104,578,573
40003459,14104,578,573
40003461,14104,578,573
40003462,14104,578,573
40003463,14104,578,573
40003463,14104,578,573
40003464,14104,578,573
40003465,14104,578,573
40003465,14104,578,573
40003466,14104,578,573
40003466,14104,578,573
40003469,14104,578,573
40003469,14104,578,573
40003470,14104,578,573
40003470,14104,578,573
40003472,14104,578,573
40003473,10351,522,517
40003474,10351,522,517
40003475,10351,522,517
40003475,10351,522,517
40003476,13585,429,424
40003490,14104,578,573
40003494,14104,578,573
40003494,14104,578,573
40003495,14104,578,573
40003495,14104,578,573
40003496,14104,578,573
40003496,14104,578,573
40003497,14104,578,573
40003498,13772,367,362
40003500,14104,578,573
40003500,14104,578,573
40003501,14104,578,573
40003502,14104,578,573
40003502,14104,578,573
40003505,14104,578,573
40003505,14104,578,573
40003506,14104,578,573
40003506,14104,578,573
40003507,14104,578,573
40003516,13185,286,281
40003527,15980,1305,1299
40003528,10745,609,604
40003531,14104,578,573
40003531,14104,578,573
40003532,14184,533,528
40003536,14502,594,589
40003537,14104,578,573
40003538,13772,367,362
40003539,14104,578,573
40003540,12503,175,170
40003546,10745,609,604
40003564,13815,539,534
40003566,14104,578,573
40003566,14104,578,573
40003569,13108,261,256
40003569,13108,261,256
40003574,14542,600,595
40003579,13054,280,275
40003581,13067,1381,1375
40003582,14221,532,527
40003583,16392,1541,1535
40003584,13067,1381,1375
40003586,14416,567,562
40003587,15530,1335,1329
40003589,14570,611,606
40003595,14104,578,573
40003595,14104,578,573
40003597,14104,578,573
40003597,14104,578,573
40003598,13108,261,256
40003598,13108,261,256
40003602,14104,578,573
40003602,14104,578,573
40003603,10745,609,604
40003604,13209,352,347
40003605,14104,578,573
40003606,14104,578,573
40003606,14104,578,573
40003607,13108,261,256
40003608,10745,609,604
40003609,14104,578,573
40003610,14104,578,573
40003610,14104,578,573
40003612,10896,273,268
40003612,10896,273,268
40003615,14104,578,573
40003615,14104,578,573
40003616,14104,578,573
40003616,14104,578,573
40003617,14104,578,573
40003620,14104,578,573
40003621,14104,578,573
40003623,14104,578,573
40003624,14104,578,573
40003624,14104,578,573
40003626,13108,261,256
40003626,13108,261,256
40003627,13108,261,256
40003627,13108,261,256
40003629,10351,522,517
40003635,13108,261,256
40003635,13108,261,256
40003636,14570,611,606
40003636,14570,611,606
40003637,14104,578,573
40003637,14104,578,573
40003638,14570,611,606
40003641,12179,165,160
40003643,14104,578,573
40003645,14542,600,595
40003650,10814,67,65
40003654,13209,352,347
40003667,14137,704,699
40003668,10745,609,604
40003670,14184,533,528
40003670,14184,533,528
40003674,14712,669,664
40003675,14137,704,699
40003677,14104,578,573
40003677,14104,578,573
40003703,15761,1316,1310
40003743,15266,1113,1107
40003743,15266,1113,1107
40003876,10971,902,897
40003886,14721,1003,998
40003904,15980,1305,1299
40003940,16543,1515,1509
40003940,16543,1515,1509
40003950,14115,494,489
40003988,13209,352,347
40003996,11672,339,334
40003998,14137,704,699
40003999,14104,578,573
40004001,13585,429,424
40004006,13067,1381,1375
40004009,14450,574,569
40004020,12348,155,150
40004024,14416,567,562
40004027,14450,574,569
40004031,14570,611,606
40004042,14104,578,573
40004042,14104,578,573
40004044,12348,155,150
40004047,10351,522,517
40004047,10351,522,517
40004050,13585,429,424
40004053,11672,339,334
40004054,12348,155,150
40004055,12348,155,150
40004057,10745,609,604
40004060,10351,522,517
40004066,10351,522,517
40004079,11398,735,730
40004080,11398,735,730
40004083,12348,155,150
40004085,13585,429,424
40004095,11136,496,491
40004100,11618,274,269
40004101,14582,781,776
40004105,14855,769,764
40004105,14855,769,764
40004109,13768,816,811
40004110,14570,611,606
40004111,12348,155,150
40004112,14855,769,764
40004114,14836,701,696
40004115,14104,578,573
40004116,11672,339,334
40004120,14104,578,573
40004120,14104,578,573
40004122,11672,339,334
40004125,14542,600,595
40004126,16446,1423,1417
40004130,11672,339,334
40004132,11672,339,334
40004135,11672,339,334
40004140,14866,736,731
40004143,10971,902,897
40004146,11618,274,269
40004148,14450,574,569
40004151,11672,339,334
40004153,11672,339,334
40004154,14450,574,569
40004155,14137,704,699
40004158,10612,368,363
40004160,14450,574,569
40004161,11672,339,334
40004165,14104,578,573
40004165,14104,578,573
40004167,11672,339,334
40004169,14542,600,595
40004171,11672,339,334
40004175,11672,339,334
40004182,11672,339,334
40004183,11672,339,334
40004184,10612,368,363
40004185,12098,150,145
40004188,11672,339,334
40004189,10612,368,363
40004193,14137,704,699
40004196,11398,735,730
40004204,13743,436,431
40004206,11618,274,269
40004208,11672,339,334
40004212,14104,578,573
40004212,14104,578,573
40004218,14450,574,569
40004223,11672,339,334
40004232,10612,368,363
40004234,14137,704,699
40004238,11672,339,334
40004240,15047,939,934
40004252,13768,816,811
40004277,11398,735,730
40004284,15126,948,943
40004287,15077,992,987
40004325,11398,735,730
40004331,15416,1090,1084
40004336,15077,992,987
40004345,13768,816,811
40004351,15193,999,994
40004419,14956,886,881
40004439,14721,1003,998
40004441,15077,992,987
40004457,13768,816,811
40004457,13768,816,811
40004473,15577,1386,1380
40004474,15077,992,987
40004498,16753,1686,1680
40004500,13768,816,811
40004500,13768,816,811
40004514,14806,926,921
40004514,14806,926,921
40004530,13768,816,811
40004551,11672,339,334
40004555,14450,574,569
40004558,11672,339,334
40004561,11672,339,334
40004563,14137,704,699
40004564,11672,339,334
40004566,11672,339,334
40004570,14667,734,729
40004571,14104,578,573
40004571,14104,578,573
40004573,15049,887,882
40004574,14952,826,821
40004575,14866,736,731
40004581,10000,1,1
40004584,14137,704,699
40004591,14542,600,595
40004594,14866,736,731
40004598,14104,578,573
40004604,14855,769,764
40004605,14137,704,699
40004606,14137,704,699
40004606,14137,704,699
40004608,14104,578,573
40004612,14137,704,699
40004615,14137,704,699
40004615,14137,704,699
40004619,14137,704,699
40004620,11672,339,334
40004629,14866,736,731
40004630,14450,574,569
40004631,10814,67,65
40004632,14450,574,569
40004634,11672,339,334
40004635,12098,150,145
40004638,14450,574,569
40004639,10000,1,1
40004641,14104,578,573
40004649,14137,704,699
40004654,10000,1,1
40004656,12857,266,261
40004657,14137,704,699
40004658,14582,781,776
40004660,14137,704,699
40004666,14137,704,699
40004669,14137,704,699
40004683,14542,600,595
40004704,10000,1,1
40004711,12857,266,261
40004712,10000,1,1
40004716,14855,769,764
40004716,14855,769,764
40004717,14104,578,573
40004718,11672,339,334
40004719,14104,578,573
40004719,14104,578,573
40004721,14450,574,569
40004723,14855,769,764
40004724,11672,339,334
40004732,11672,339,334
40004737,14450,574,569
40004741,10729,96,94
40004743,11672,339,334
40004747,14450,574,569
40004748,13743,436,431
40004750,14911,777,772
40004750,14911,777,772
40004751,11672,339,334
40004754,14450,574,569
40004755,14855,769,764
40004757,11672,339,334
40004760,14104,578,573
40004760,14104,578,573
40004764,14450,574,569
40004768,11672,339,334
40004772,15617,1109,1103
40004774,14570,611,606
40004775,11672,339,334
40004780,11672,339,334
40004783,11672,339,334
40004786,14137,704,699
40004789,11672,339,334
40004790,14956,886,881
40004791,11672,339,334
40004792,11672,339,334
40004795,11672,339,334
40004803,14542,600,595
40004809,13768,816,811
40004825,11672,339,334
40004832,11672,339,334
40004836,10000,1,1
40004859,14911,777,772
40004861,14986,851,846
40004862,10971,902,897
40004863,14855,769,764
40004877,14975,835,830
40004878,14104,578,573
40004879,12503,175,170
40004881,10000,1,1
40004887,10000,1,1
40004892,13705,923,918
40004893,10612,368,363
40004897,11672,339,334
40004898,11351,109,107
40004903,14542,600,595
40004905,13067,1381,1375
40004906,11136,496,491
40004906,11136,496,491
40004907,14956,886,881
40004909,15126,948,943
40004911,13768,816,811
40004918,15261,1080,1074
40004923,14221,532,527
40004926,12179,165,160
40004927,12179,165,160
40004931,14855,769,764
40004932,14943,837,832
40004932,14943,837,832
40004937,14137,704,699
40004938,14928,787,782
40004939,14137,704,699
40004940,14542,600,595
40004941,11903,142,137
40004942,14542,600,595
40004943,14137,704,699
40004944,14104,578,573
40004944,14104,578,573
40004946,14542,600,595
40004949,14986,851,846
40004959,13209,352,347
40004961,14806,926,921
40004962,14956,886,881
40004965,14975,835,830
40004967,10612,368,363
40004971,12179,165,160
40004979,12348,155,150
40004980,14911,777,772
40004985,15617,1109,1103
40004989,13768,816,811
40004992,11582,200,195
40005003,14911,777,772
40005003,14911,777,772
40005004,10576,35,33
40005010,10000,1,1
40005012,15126,948,943
40005017,12857,266,261
40005020,13209,352,347
40005021,11672,339,334
40005026,14911,777,772
40005027,14911,777,772
40005028,11136,496,491
40005029,11136,496,491
40005031,10775,1127,1121
40005032,12179,165,160
40005033,14542,600,595
40005034,16275,1377,1371
40005036,12179,165,160
40005041,12179,165,160
40005042,14498,605,600
40005044,15190,1076,1070
40005045,15577,1386,1380
40005046,14542,600,595
40005048,14542,600,595
40005053,12179,165,160
40005054,14542,600,595
40005057,14542,600,595
40005058,14952,826,821
40005059,14542,600,595
40005061,14952,826,821
40005062,12179,165,160
40005067,14952,826,821
40005070,14952,826,821
40005073,12179,165,160
40005076,13768,816,811
40005079,14542,600,595
40005082,14952,826,821
40005083,14952,826,821
40005085,13768,816,811
40005085,13768,816,811
40005106,13108,261,256
40005108,15047,939,934
40005136,14952,826,821
40005142,14952,826,821
40005164,13772,367,362
40005180,14542,600,595
40005184,14542,600,595
40005184,14542,600,595
40005186,11398,735,730
40005188,14542,600,595
40005192,13768,816,811
40005194,10000,1,1
40005195,13648,1022,1017
40005198,11398,735,730
40005203,14542,600,595
40005206,10729,96,94
40005212,11398,735,730
40005213,13209,352,347
40005216,11398,735,730
40005217,10729,96,94
40005219,11398,735,730
40005220,10729,96,94
40005225,13209,352,347
40005226,11398,735,730
40005233,15187,987,982
40005242,10729,96,94
40005248,14542,600,595
40005258,14542,600,595
40005259,14137,704,699
40005259,14137,704,699
40005283,14137,704,699
40005293,13648,1022,1017
40005296,11398,735,730
40005301,11398,735,730
40005304,13768,816,811
40005305,14599,616,611
40005319,13209,352,347
40005320,11398,735,730
40005323,11398,735,730
40005325,11398,735,730
40005327,15238,1681,1675
40005328,11398,735,730
40005329,16720,1669,1663
40005329,16720,1669,1663
40005330,14104,578,573
40005330,14104,578,573
40005332,13768,816,811
40005334,11672,339,334
40005340,16720,1669,1663
40005340,16720,1669,1663
40005347,14104,578,573
40005347,14104,578,573
40005349,14104,578,573
40005349,14104,578,573
40005354,14806,926,921
40005355,15238,1681,1675
40005356,13742,924,919
40005358,11672,339,334
40005361,14806,926,921
40005362,13768,816,811
40005370,12905,248,243
40005373,16871,1792,1786
40005374,16871,1792,1786
40005375,16871,1792,1786
40005379,16871,1792,1786
40005383,11672,339,334
40005388,14814,1756,1750
40005391,13768,816,811
40005392,15046,850,845
40005393,16720,1669,1663
40005393,16720,1669,1663
40005398,13226,334,329
40005402,12940,253,248
40005404,15530,1335,1329
40005405,12503,175,170
40005407,13768,816,811
40005407,13768,816,811
40005414,15238,1681,1675
40005417,10000,1,1
40005418,14814,1756,1750
40005419,14952,826,821
40005420,14045,1718,1712
40005421,16743,1682,1676
40005430,14943,837,832
40005433,10000,1,1
40005441,14952,826,821
40005443,13772,367,362
40005445,15083,889,884
40005446,14952,826,821
40005447,14952,826,821
40005449,14952,826,821
40005450,15046,850,845
40005450,15046,850,845
40005453,15064,882,877
40005454,14943,837,832
40005458,14952,826,821
40005459,14221,532,527
40005460,14952,826,821
40005466,14952,826,821
40005469,14952,826,821
40005470,14104,578,573
40005475,13768,816,811
40005475,13768,816,811
40005477,13815,539,534
40005478,14952,826,821
40005480,14952,826,821
40005484,10000,1,1
40005486,11190,911,906
40005487,11672,339,334
40005490,10000,1,1
40005492,10000,1,1
40005497,13611,966,961
40005498,13743,436,431
40005501,13611,966,961
40005502,11672,339,334
40005508,14221,532,527
40005511,14221,532,527
40005516,14221,532,527
40005522,14221,532,527
40005525,13768,816,811
40005527,14943,837,832
40005527,14943,837,832
40005532,14943,837,832
40005533,13768,816,811
40005537,11618,274,269
40005544,16938,1775,1769
40005548,13611,966,961
40005554,13611,966,961
40005556,10612,368,363
40005562,15049,887,882
40005565,11672,339,334
40005576,15079,883,878
40005586,11002,900,895
40005590,13743,436,431
40005591,14943,837,832
40005595,13251,287,282
40005599,14115,494,489
40005600,14104,578,573
40005600,14104,578,573
40005603,14943,837,832
40005603,14943,837,832
40005604,14952,826,821
40005610,11672,339,334
40005611,14184,533,528
40005613,13742,924,919
40005614,13742,924,919
40005616,15079,883,878
40005617,15049,887,882
40005618,15064,882,877
40005625,14860,888,883
40005626,14184,533,528
40005627,13768,816,811
40005627,13768,816,811
40005630,14956,886,881
40005631,15049,887,882
40005632,14956,886,881
40005633,14952,826,821
40005636,14952,826,821
40005642,13768,816,811
40005642,13768,816,811
40005643,14956,886,881
40005644,14860,888,883
40005645,14956,886,881
40005646,10745,609,604
40005648,15049,887,882
40005649,11002,900,895
40005650,14184,533,528
40005653,14956,886,881
40005654,14952,826,821
40005660,10054,1320,1314
40005666,15082,905,900
40005668,13251,287,282
40005669,10971,902,897
40005672,14956,886,881
40005673,14956,886,881
40005675,10498,541,536
40005677,14956,886,881
40005678,15049,887,882
40005679,15161,969,964
40005683,15049,887,882
40005685,14956,886,881
40005686,14956,886,881
40005692,14956,886,881
40005697,14115,494,489
40005699,11903,142,137
40005700,10498,541,536
40005701,15116,936,931
40005704,15049,887,882
40005706,14956,886,881
40005708,15116,936,931
40005713,14956,886,881
40005715,14956,886,881
40005717,14952,826,821
40005719,11618,274,269
40005720,15049,887,882
40005723,14956,886,881
40005725,14902,920,915
40005729,15047,939,934
40005736,11582,200,195
40005742,13768,816,811
40005742,13768,816,811
40005759,16864,1744,1738
40005762,15047,939,934
40005763,14956,886,881
40005768,13705,923,918
40005772,13209,352,347
40005775,13067,1381,1375
40005777,14806,926,921
40005779,13768,816,811
40005784,13768,816,811
40005786,13768,816,811
40005788,14806,926,921
40005789,14542,600,595
40005792,13768,816,811
40005793,13768,816,811
40005796,15047,939,934
40005799,14806,926,921
40005801,13768,816,811
40005802,14806,926,921
40005803,11002,900,895
40005804,14542,600,595
40005806,13705,923,918
40005807,13768,816,811
40005807,13768,816,811
40005810,14986,851,846
40005813,10971,902,897
40005818,10498,541,536
40005828,14860,888,883
40005828,14860,888,883
40005829,13108,261,256
40005830,14860,888,883
40005831,15237,1006,1001
40005838,15617,1109,1103
40005841,12348,155,150
40005842,14860,888,883
40005842,14860,888,883
40005843,14952,826,821
40005845,14952,826,821
40005848,14860,888,883
40005848,14860,888,883
40005850,13705,923,918
40005889,14902,920,915
40005893,14570,611,606
40005896,13742,924,919
40005898,14902,920,915
40005899,14902,920,915
40005902,13768,816,811
40005902,13768,816,811
40005906,12857,266,261
40005909,13108,261,256
40005910,13742,924,919
40005911,13742,924,919
40005912,13742,924,919
40005914,13209,352,347
40005915,14902,920,915
40005916,13742,924,919
40005917,14902,920,915
40005918,14902,920,915
40005921,14902,920,915
40005926,13742,924,919
40005929,13742,924,919
40005930,13742,924,919
40005931,14902,920,915
40005933,14902,920,915
40005935,14902,920,915
40005936,13742,924,919
40005938,13742,924,919
40005941,13742,924,919
40005942,15161,969,964
40005945,14902,920,915
40005946,14115,494,489
40005951,15048,930,925
40005953,15048,930,925
40005956,15048,930,925
40005957,13108,261,256
40005958,15048,930,925
40005960,13768,816,811
40005966,14956,886,881
40005972,15048,930,925
40005973,11672,339,334
40005974,14806,926,921
40005974,14806,926,921
40005978,15047,939,934
40005980,14115,494,489
40005983,14806,926,921
40005984,14806,926,921
40005985,12905,248,243
40005986,15048,930,925
40005989,15048,930,925
40005990,15161,969,964
40005991,11672,339,334
40005992,15048,930,925
40005995,14806,926,921
40005996,15048,930,925
40005997,11516,303,298
40005999,15126,948,943
40006010,14913,865,860
40006010,14913,865,860
40006012,11516,303,298
40006013,12940,253,248
40006014,11516,303,298
40006015,13768,816,811
40006015,13768,816,811
40006016,11672,339,334
40006021,10351,522,517
40006021,10351,522,517
40006022,13768,816,811
40006023,10498,541,536
40006026,13768,816,811
40006029,10351,522,517
40006029,10351,522,517
40006033,10775,1127,1121
40006035,13768,816,811
40006041,13705,923,918
40006044,15161,969,964
40006045,13768,816,811
40006046,15161,969,964
40006048,10745,609,604
40006050,15126,948,943
40006053,10745,609,604
40006055,13209,352,347
40006056,12985,1404,1398
40006057,10745,609,604
40006061,13768,816,811
40006062,13768,816,811
40006064,13054,280,275
40006069,10745,609,604
40006072,14806,926,921
40006073,13768,816,811
40006074,15047,939,934
40006083,15047,939,934
40006085,13768,816,811
40006085,13768,816,811
40006086,13768,816,811
40006086,13768,816,811
40006088,15161,969,964
40006089,10000,1,1
40006091,12778,214,209
40006096,11398,735,730
40006097,15126,948,943
40006099,14137,704,699
40006104,12179,165,160
40006107,13768,816,811
40006109,13992,956,951
40006109,13992,956,951
40006112,15126,948,943
40006116,13768,816,811
40006116,13768,816,811
40006121,13992,956,951
40006121,13992,956,951
40006122,11398,735,730
40006125,15161,969,964
40006127,13768,816,811
40006129,14943,837,832
40006131,13768,816,811
40006131,13768,816,811
40006133,12857,266,261
40006136,13768,816,811
40006137,13768,816,811
40006138,15077,992,987
40006139,11582,200,195
40006148,14913,865,860
40006149,14104,578,573
40006153,13768,816,811
40006154,13768,816,811
40006155,10498,541,536
40006157,14911,777,772
40006157,14911,777,772
40006158,14104,578,573
40006158,14104,578,573
40006161,15113,927,922
40006162,13768,816,811
40006164,15077,992,987
40006168,15173,983,978
40006169,15077,992,987
40006176,13768,816,811
40006176,13768,816,811
40006178,13768,816,811
40006178,13768,816,811
40006182,15077,992,987
40006186,15617,1109,1103
40006188,15617,1109,1103
40006191,15047,939,934
40006192,15077,992,987
40006193,12503,175,170
40006197,15587,1086,1080
40006198,15077,992,987
40006201,15150,977,972
40006205,15165,980,975
40006210,14975,835,830
40006211,13067,1381,1375
40006212,14542,600,595
40006214,11002,900,895
40006221,13768,816,811
40006222,14975,835,830
40006224,11002,900,895
40006225,15150,977,972
40006228,15150,977,972
40006235,15150,977,972
40006236,14975,835,830
40006241,14104,578,573
40006241,14104,578,573
40006242,15077,992,987
40006246,14104,578,573
40006246,14104,578,573
40006247,15077,992,987
40006248,15077,992,987
40006250,15077,992,987
40006251,15188,984,979
40006254,16241,1486,1480
40006255,13768,816,811
40006257,15077,992,987
40006258,13768,816,811
40006260,14952,826,821
40006262,14952,826,821
40006263,13743,436,431
40006264,13768,816,811
40006269,13768,816,811
40006271,15047,939,934
40006273,13768,816,811
40006274,13768,816,811
40006275,15047,939,934
40006276,15143,986,981
40006277,15047,939,934
40006278,15173,983,978
40006279,14542,600,595
40006280,15077,992,987
40006282,14801,1097,1091
40006282,14801,1097,1091
40006283,15077,992,987
40006284,13768,816,811
40006286,15161,969,964
40006289,15077,992,987
40006294,15077,992,987
40006297,13768,816,811
40006297,13768,816,811
40006304,13768,816,811
40006304,13768,816,811
40006305,14120,995,990
40006306,13226,334,329
40006307,10775,1127,1121
40006309,15077,992,987
40006310,13226,334,329
40006311,15077,992,987
40006312,13768,816,811
40006314,14806,926,921
40006316,15077,992,987
40006320,15190,1076,1070
40006321,15017,1013,1008
40006327,14104,578,573
40006333,10498,541,536
40006347,15077,992,987
40006360,13768,816,811
40006360,13768,816,811
40006361,15077,992,987
40006363,15047,939,934
40006365,15077,992,987
40006367,10273,1042,1036
40006369,15077,992,987
40006370,14956,886,881
40006371,15077,992,987
40006372,15077,992,987
40006374,15077,992,987
40006375,15617,1109,1103
40006379,15077,992,987
40006383,13768,816,811
40006383,13768,816,811
40006384,14120,995,990
40006384,14120,995,990
40006385,15077,992,987
40006386,14120,995,990
40006390,15077,992,987
40006391,15237,1006,1001
40006395,15077,992,987
40006396,14120,995,990
40006396,14120,995,990
40006397,15077,992,987
40006401,15077,992,987
40006403,10273,1042,1036
40006403,10273,1042,1036
40006404,12940,253,248
40006406,10273,1042,1036
40006409,10273,1042,1036
40006410,13743,436,431
40006411,10273,1042,1036
40006414,15729,1422,1416
40006416,10273,1042,1036
40006416,10273,1042,1036
40006417,10273,1042,1036
40006419,10273,1042,1036
40006419,10273,1042,1036
40006423,13705,923,918
40006427,15077,992,987
40006428,15077,992,987
40006431,11190,911,906
40006432,15077,992,987
40006433,15077,992,987
40006434,15077,992,987
40006435,15077,992,987
40006436,15077,992,987
40006437,13648,1022,1017
40006438,15617,1109,1103
40006439,15077,992,987
40006440,15077,992,987
40006446,15587,1086,1080
40006452,13209,352,347
40006453,15587,1086,1080
40006454,15222,1029,1023
40006457,15077,992,987
40006458,15145,1016,1011
40006461,15617,1109,1103
40006464,13209,352,347
40006465,13209,352,347
40006466,14104,578,573
40006466,14104,578,573
40006467,14120,995,990
40006468,14120,995,990
40006470,14120,995,990
40006470,14120,995,990
40006472,15145,1016,1011
40006474,14120,995,990
40006474,14120,995,990
40006475,14120,995,990
40006475,14120,995,990
40006476,15289,1023,1018
40006477,14120,995,990
40006478,14120,995,990
40006479,14104,578,573
40006480,14120,995,990
40006481,15047,939,934
40006482,15587,1086,1080
40006483,15369,1018,1013
40006484,15077,992,987
40006485,15077,992,987
40006488,14120,995,990
40006489,13108,261,256
40006494,15077,992,987
40006504,14120,995,990
40006504,14120,995,990
40006505,14104,578,573
40006506,15320,1012,1007
40006507,14120,995,990
40006516,16288,1439,1433
40006518,15413,1040,1034
40006523,15145,1016,1011
40006525,15145,1016,1011
40006527,15568,1079,1073
40006532,14104,578,573
40006532,14104,578,573
40006535,13209,352,347
40006541,15340,1041,1035
40006542,14866,736,731
40006543,14975,835,830
40006548,15222,1029,1023
40006549,14801,1097,1091
40006552,14104,578,573
40006552,14104,578,573
40006555,13705,923,918
40006556,11618,274,269
40006558,15418,1045,1039
40006561,13209,352,347
40006562,11903,142,137
40006567,14975,835,830
40006568,14986,851,846
40006571,15418,1045,1039
40006574,15418,1045,1039
40006576,15077,992,987
40006577,14107,1028,1022
40006580,14552,1044,1038
40006585,15340,1041,1035
40006587,16060,1304,1298
40006591,15068,1059,1053
40006601,15077,992,987
40006617,15568,1079,1073
40006618,13998,1062,1056
40006620,14184,533,528
40006647,14104,578,573
40006647,14104,578,573
40006701,15416,1090,1084
40006702,15416,1090,1084
40006703,15416,1090,1084
40006705,15416,1090,1084
40006707,12179,165,160
40006707,12179,165,160
40006745,13768,816,811
40006746,15526,1083,1077
40006747,13209,352,347
40006748,13209,352,347
40006749,15526,1083,1077
40006750,15526,1083,1077
40006752,15526,1083,1077
40006753,15145,1016,1011
40006761,15526,1083,1077
40006764,13705,923,918
40006765,14704,1465,1459
40006768,10273,1042,1036
40006769,10273,1042,1036
40006771,12985,1404,1398
40006772,11618,274,269
40006773,13705,923,918
40006774,11672,339,334
40006775,10273,1042,1036
40006776,10273,1042,1036
40006778,11672,339,334
40006779,13705,923,918
40006780,10273,1042,1036
40006780,10273,1042,1036
40006783,13856,1058,1052
40006783,13856,1058,1052
40006784,11672,339,334
40006785,13705,923,918
40006786,14956,886,881
40006787,11618,274,269
40006789,10273,1042,1036
40006790,10273,1042,1036
40006791,13856,1058,1052
40006791,13856,1058,1052
40006792,11672,339,334
40006793,13705,923,918
40006794,13705,923,918
40006795,13705,923,918
40006796,13705,923,918
40006798,10775,1127,1121
40006801,15114,1286,1280
40006808,14887,1319,1313
40006811,15187,987,982
40006814,10775,1127,1121
40006816,13209,352,347
40006819,16254,1719,1713
40006827,12857,266,261
40006828,13768,816,811
40006829,12857,266,261
40006830,12857,266,261
40006871,13768,816,811
40006872,13998,1062,1056
40006876,13768,816,811
40006906,15416,1090,1084
40006908,15416,1090,1084
40006911,15416,1090,1084
40006913,16554,1518,1512
40006914,15416,1090,1084
40006927,15416,1090,1084
40006944,15544,1075,1069
40006964,10351,522,517
40006970,13585,429,424
40006972,15017,1013,1008
40006979,10351,522,517
40006982,13768,816,811
40006985,15416,1090,1084
40007011,15145,1016,1011
40007028,14902,920,915
40007033,10351,522,517
40007038,10273,1042,1036
40007059,12985,1404,1398
40007072,15575,1099,1093
40007074,10775,1127,1121
40007075,14812,1125,1119
40007077,15418,1045,1039
40007078,15266,1113,1107
40007082,15575,1099,1093
40007083,15266,1113,1107
40007083,15266,1113,1107
40007084,15068,1059,1053
40007085,14952,826,821
40007087,14878,1124,1118
40007089,10775,1127,1121
40007090,14812,1125,1119
40007091,10775,1127,1121
40007096,10775,1127,1121
40007097,15266,1113,1107
40007097,15266,1113,1107
40007098,15587,1086,1080
40007138,15047,939,934
40007152,15421,1084,1078
40007155,13611,966,961
40007156,14812,1125,1119
40007162,15575,1099,1093
40007163,15792,1246,1240
40007164,10775,1127,1121
40007165,10498,541,536
40007166,14812,1125,1119
40007167,15068,1059,1053
40007338,13108,261,256
40007370,10775,1127,1121
40007380,15238,1681,1675
40007386,15544,1075,1069
40007390,15238,1681,1675
40007391,15544,1075,1069
40007392,15544,1075,1069
40007404,13648,1022,1017
40007407,12985,1404,1398
40007413,15544,1075,1069
40007414,15544,1075,1069
40007424,13929,1401,1395
40007451,13067,1381,1375
40007452,15587,1086,1080
40007457,13054,280,275
40007464,15544,1075,1069
40007466,15544,1075,1069
40007467,11618,274,269
40007477,15483,1074,1068
40007480,15483,1074,1068
40007483,15568,1079,1073
40007484,15483,1074,1068
40007494,15483,1074,1068
40007496,13768,816,811
40007497,11136,496,491
40007497,11136,496,491
40007499,15483,1074,1068
40007500,15483,1074,1068
40007501,15483,1074,1068
40007502,15418,1045,1039
40007505,15483,1074,1068
40007506,15483,1074,1068
40007513,15617,1109,1103
40007526,15483,1074,1068
40007527,15418,1045,1039
40007531,13768,816,811
40007533,11582,200,195
40007543,15187,987,982
40007556,14704,1465,1459
40007636,15077,992,987
40007639,10775,1127,1121
40007639,10775,1127,1121
40007657,14552,1044,1038
40007673,15568,1079,1073
40007687,15416,1090,1084
40007688,15526,1083,1077
40007699,15526,1083,1077
40007702,13856,1058,1052
40007703,11516,303,298
40007707,14812,1125,1119
40007711,16131,1307,1301
40007713,14570,611,606
40007715,15568,1079,1073
40007728,13998,1062,1056
40007729,13998,1062,1056
40007734,15526,1083,1077
40007739,14107,1028,1022
40007744,15483,1074,1068
40007746,15526,1083,1077
40007751,13998,1062,1056
40007755,15568,1079,1073
40007756,15568,1079,1073
40007757,15568,1079,1073
40007758,13648,1022,1017
40007761,15568,1079,1073
40007766,15483,1074,1068
40007771,15526,1083,1077
40007774,13768,816,811
40007776,15526,1083,1077
40007777,13768,816,811
40007788,10775,1127,1121
40007791,14552,1044,1038
40007798,15568,1079,1073
40007800,15526,1083,1077
40007801,15526,1083,1077
40007805,15526,1083,1077
40007809,13067,1381,1375
40007818,15238,1681,1675
40007819,15187,987,982
40007824,10775,1127,1121
40007827,15077,992,987
40007828,15617,1109,1103
40007829,15617,1109,1103
40007832,13585,429,424
40007834,10273,1042,1036
40007835,14721,1003,998
40007845,15617,1109,1103
40007846,13108,261,256
40007849,10273,1042,1036
40007852,13743,436,431
40007853,15187,987,982
40007858,15617,1109,1103
40007862,15617,1109,1103
40007867,15077,992,987
40007871,15544,1075,1069
40007871,15544,1075,1069
40007873,13226,334,329
40007875,16060,1304,1298
40007877,12985,1404,1398
40007881,11516,303,298
40007888,16083,1463,1457
40007889,14552,1044,1038
40007890,15068,1059,1053
40007891,15077,992,987
40007895,14704,1465,1459
40007900,16275,1377,1371
40007901,15413,1040,1034
40007903,15849,1288,1282
40007905,14745,1365,1359
40007907,14745,1365,1359
40007909,14812,1125,1119
40007911,15190,1076,1070
40007913,15145,1016,1011
40007915,15530,1335,1329
40007920,15077,992,987
40007923,14975,835,830
40007924,15296,1278,1272
40007924,15296,1278,1272
40007925,10775,1127,1121
40007927,14975,835,830
40007928,14975,835,830
40007931,15792,1246,1240
40007938,14812,1125,1119
40007950,11516,303,298
40007953,11136,496,491
40007956,15190,1076,1070
40007957,15530,1335,1329
40007958,13209,352,347
40007959,11582,200,195
40007960,10775,1127,1121
40007962,15544,1075,1069
40007963,10273,1042,1036
40007964,15190,1076,1070
40007966,15296,1278,1272
40007966,15296,1278,1272
40007969,10999,1279,1273
40007975,15266,1113,1107
40007975,15266,1113,1107
40007977,15421,1084,1078
40007978,15679,1108,1102
40007981,15266,1113,1107
40007981,15266,1113,1107
40007982,13226,334,329
40007984,10775,1127,1121
40007985,14812,1125,1119
40007987,15266,1113,1107
40008003,16141,1333,1327
40008016,15530,1335,1329
40008019,14812,1125,1119
40008020,11057,1276,1270
40008021,13226,334,329
40008022,15169,1091,1085
40008031,15577,1386,1380
40008032,15261,1080,1074
40008033,15190,1076,1070
40008040,14552,1044,1038
40008042,14975,835,830
40008056,16131,1307,1301
40008060,12503,175,170
40008069,15261,1080,1074
40008078,13929,1401,1395
40008084,13929,1401,1395
40008086,12985,1404,1398
40008087,13251,287,282
40008090,13648,1022,1017
40008097,15266,1113,1107
40008101,15416,1090,1084
40008102,12905,248,243
40008103,15261,1080,1074
40008106,15261,1080,1074
40008107,14115,494,489
40008116,10999,1279,1273
40008117,14952,826,821
40008133,13998,1062,1056
40008141,15190,1076,1070
40008142,13998,1062,1056
40008145,15068,1059,1053
40008146,13768,816,811
40008148,12778,214,209
40008149,15296,1278,1272
40008151,14952,826,821
40008153,15266,1113,1107
40008154,15190,1076,1070
40008162,10896,273,268
40008162,10896,273,268
40008163,14570,611,606
40008166,13768,816,811
40008171,15266,1113,1107
40008176,10775,1127,1121
40008187,15266,1113,1107
40008190,10775,1127,1121
40008193,16131,1307,1301
40008199,14745,1365,1359
40008205,14866,736,731
40008219,15416,1090,1084
40008221,15679,1108,1102
40008227,15657,1096,1090
40008228,15266,1113,1107
40008228,15266,1113,1107
40008230,10775,1127,1121
40008231,14812,1125,1119
40008232,15068,1059,1053
40008233,15190,1076,1070
40008235,15657,1096,1090
40008239,13856,1058,1052
40008240,13998,1062,1056
40008242,15657,1096,1090
40008243,14952,826,821
40008245,15560,1107,1101
40008245,15560,1107,1101
40008250,13856,1058,1052
40008253,10999,1279,1273
40008254,14812,1125,1119
40008257,15068,1059,1053
40008262,14115,494,489
40008268,13768,816,811
40008277,13768,816,811
40008279,15560,1107,1101
40008280,15266,1113,1107
40008285,11582,200,195
40008295,16275,1377,1371
40008302,16083,1463,1457
40008310,15982,1312,1306
40008314,15077,992,987
40008315,10775,1127,1121
40008315,10775,1127,1121
40008319,13209,352,347
40008321,15077,992,987
40008328,15190,1076,1070
40008329,10775,1127,1121
40008330,13054,280,275
40008331,14787,1121,1115
40008333,12985,1404,1398
40008334,14787,1121,1115
40008336,15266,1113,1107
40008336,15266,1113,1107
40008337,15190,1076,1070
40008343,14812,1125,1119
40008345,15145,1016,1011
40008348,15421,1084,1078
40008349,15416,1090,1084
40008354,11516,303,298
40008355,15266,1113,1107
40008357,12985,1404,1398
40008358,15416,1090,1084
40008360,15421,1084,1078
40008362,15047,939,934
40008364,14704,1465,1459
40008366,12773,1285,1279
40008367,15266,1113,1107
40008367,15266,1113,1107
40008370,15657,1096,1090
40008371,10775,1127,1121
40008383,15577,1386,1380
40008393,11002,900,895
40008399,16275,1377,1371
40008400,10775,1127,1121
40008401,11057,1276,1270
40008403,15077,992,987
40008404,15849,1288,1282
40008405,10775,1127,1121
40008405,10775,1127,1121
40008406,14812,1125,1119
40008409,16288,1439,1433
40008410,13998,1062,1056
40008411,13768,816,811
40008412,10775,1127,1121
40008413,11672,339,334
40008415,13856,1058,1052
40008416,14812,1125,1119
40008420,16067,1325,1319
40008428,10775,1127,1121
40008435,10775,1127,1121
40008437,14552,1044,1038
40008438,10054,1320,1314
40008439,15190,1076,1070
40008440,10054,1320,1314
40008442,14812,1125,1119
40008443,15633,1293,1287
40008444,10775,1127,1121
40008445,15849,1288,1282
40008446,14812,1125,1119
40008458,15077,992,987
40008472,15190,1076,1070
40008473,10775,1127,1121
40008473,10775,1127,1121
40008474,15266,1113,1107
40008474,15266,1113,1107
40008475,10775,1127,1121
40008477,15421,1084,1078
40008478,10054,1320,1314
40008480,14812,1125,1119
40008482,14812,1125,1119
40008483,14975,835,830
40008486,15266,1113,1107
40008489,10775,1127,1121
40008490,13929,1401,1395
40008492,15587,1086,1080
40008493,14542,600,595
40008495,16131,1307,1301
40008496,15577,1386,1380
40008497,16141,1333,1327
40008498,15530,1335,1329
40008506,14115,494,489
40008507,15849,1288,1282
40008508,16301,1373,1367
40008509,13929,1401,1395
40008510,13929,1401,1395
40008513,14812,1125,1119
40008514,10775,1127,1121
40008515,10775,1127,1121
40008520,14812,1125,1119
40008523,10775,1127,1121
40008525,15077,992,987
40008527,15369,1018,1013
40008527,15369,1018,1013
40008530,14806,926,921
40008531,13929,1401,1395
40008532,10775,1127,1121
40008533,16011,1270,1264
40008533,16011,1270,1264
40008536,15010,844,839
40008538,13998,1062,1056
40008544,14570,611,606
40008545,13998,1062,1056
40008550,14552,1044,1038
40008553,14986,851,846
40008556,13054,280,275
40008557,15077,992,987
40008558,15077,992,987
40008559,16131,1307,1301
40008560,10775,1127,1121
40008562,15410,1449,1443
40008563,15049,887,882
40008564,15077,992,987
40008566,10054,1320,1314
40008569,14552,1044,1038
40008571,10775,1127,1121
40008574,13185,286,281
40008578,14812,1125,1119
40008579,10775,1127,1121
40008580,13998,1062,1056
40008581,16301,1373,1367
40008582,15190,1076,1070
40008583,15047,939,934
40008584,15577,1386,1380
40008586,13929,1401,1395
40008587,10775,1127,1121
40008587,10775,1127,1121
40008590,15577,1386,1380
40008594,14802,1395,1389
40008594,14802,1395,1389
40008595,15077,992,987
40008596,11672,339,334
40008604,15526,1083,1077
40008615,13998,1062,1056
40008616,13998,1062,1056
40008617,13998,1062,1056
40008618,11672,339,334
40008619,13998,1062,1056
40008620,13648,1022,1017
40008621,13998,1062,1056
40008622,13998,1062,1056
40008624,13998,1062,1056
40008625,15657,1096,1090
40008627,13856,1058,1052
40008635,14745,1365,1359
40008640,10775,1127,1121
40008647,13998,1062,1056
40008649,10775,1127,1121
40008650,15266,1113,1107
40008650,15266,1113,1107
40008656,14952,826,821
40008663,13998,1062,1056
40008677,13856,1058,1052
40008684,13648,1022,1017
40008685,15266,1113,1107
40008689,13108,261,256
40008693,14812,1125,1119
40008698,10775,1127,1121
40008699,15161,969,964
40008702,15173,983,978
40008703,15237,1006,1001
40008705,12179,165,160
40008706,12857,266,261
40008715,11672,339,334
40008726,15657,1096,1090
40008729,10999,1279,1273
40008731,14745,1365,1359
40008733,11618,274,269
40008734,16301,1373,1367
40008743,16035,1296,1290
40008748,12179,165,160
40008748,12179,165,160
40008749,15560,1107,1101
40008753,13998,1062,1056
40008754,15421,1084,1078
40008756,10896,273,268
40008756,10896,273,268
40008757,12857,266,261
40008758,15287,1015,1010
40008760,16164,1336,1330
40008761,11618,274,269
40008763,15047,939,934
40008765,16288,1439,1433
40008767,15077,992,987
40008770,12985,1404,1398
40008781,15266,1113,1107
40008782,15266,1113,1107
40008782,15266,1113,1107
40008784,13067,1381,1375
40008786,15047,939,934
40008787,10498,541,536
40008788,14542,600,595
40008789,10498,541,536
40008793,14184,533,528
40008797,15161,969,964
40008802,15161,969,964
40008804,12857,266,261
40008814,13768,816,811
40008823,15114,1286,1280
40008834,15530,1335,1329
40008835,13108,261,256
40008848,15126,948,943
40008850,15318,1383,1377
40008856,13998,1062,1056
40008857,13998,1062,1056
40008861,15587,1086,1080
40008865,15287,1015,1010
40008870,15587,1086,1080
40008872,15187,987,982
40008874,15577,1386,1380
40008875,15849,1288,1282
40008879,14570,611,606
40008884,15145,1016,1011
40008886,15849,1288,1282
40008887,12985,1404,1398
40008890,15114,1286,1280
40008891,15187,987,982
40008895,15849,1288,1282
40008897,14812,1125,1119
40008898,13856,1058,1052
40008901,15544,1075,1069
40008902,16275,1377,1371
40008903,10054,1320,1314
40008904,10775,1127,1121
40008920,15679,1108,1102
40008921,16275,1377,1371
40008924,14787,1121,1115
40008927,15421,1084,1078
40008933,15577,1386,1380
40008935,16035,1296,1290
40008941,10775,1127,1121
40008942,15287,1015,1010
40008943,14704,1465,1459
40008945,15047,939,934
40008947,15068,1059,1053
40008954,15188,984,979
40008956,15173,983,978
40008960,15575,1099,1093
40008962,10775,1127,1121
40008973,14115,494,489
40008990,15577,1386,1380
40008992,14745,1365,1359
40008996,12985,1404,1398
40008997,13768,816,811
40008997,13768,816,811
40009002,11672,339,334
40009005,10775,1127,1121
40009010,14986,851,846
40009011,10054,1320,1314
40009012,14812,1125,1119
40009015,12179,165,160
40009016,15849,1288,1282
40009018,11582,200,195
40009021,13768,816,811
40009022,10775,1127,1121
40009023,16047,1287,1281
40009023,16047,1287,1281
40009026,16445,1432,1426
40009027,15266,1113,1107
40009027,15266,1113,1107
40009028,15266,1113,1107
40009028,15266,1113,1107
40009033,15114,1286,1280
40009034,14802,1395,1389
40009038,10775,1127,1121
40009039,15114,1286,1280
40009040,15114,1286,1280
40009041,15633,1293,1287
40009044,15114,1286,1280
40009046,15114,1286,1280
40009048,11516,303,298
40009051,15114,1286,1280
40009053,14184,533,528
40009055,15114,1286,1280
40009057,10775,1127,1121
40009058,15318,1383,1377
40009059,10775,1127,1121
40009060,11672,339,334
40009061,15577,1386,1380
40009062,14812,1125,1119
40009064,15577,1386,1380
40009069,10775,1127,1121
40009070,11516,303,298
40009073,13742,924,919
40009079,15114,1286,1280
40009084,13173,279,274
40009086,10155,1429,1423
40009087,10775,1127,1121
40009088,15114,1286,1280
40009089,13067,1381,1375
40009090,10775,1127,1121
40009091,16352,1384,1378
40009091,16352,1384,1378
40009092,15114,1286,1280
40009093,15114,1286,1280
40009097,14812,1125,1119
40009098,14812,1125,1119
40009099,14812,1125,1119
40009102,13856,1058,1052
40009104,10775,1127,1121
40009105,13929,1401,1395
40009106,15577,1386,1380
40009110,15190,1076,1070
40009112,13067,1381,1375
40009114,15114,1286,1280
40009115,14812,1125,1119
40009116,15318,1383,1377
40009118,15849,1288,1282
40009124,15047,939,934
40009125,10775,1127,1121
40009128,15416,1090,1084
40009129,10775,1127,1121
40009131,10054,1320,1314
40009134,10775,1127,1121
40009135,15980,1305,1299
40009136,14952,826,821
40009137,10775,1127,1121
40009139,15421,1084,1078
40009140,15114,1286,1280
40009147,15114,1286,1280
40009149,15114,1286,1280
40009150,10775,1127,1121
40009151,15114,1286,1280
40009153,14745,1365,1359
40009154,16276,1615,1609
40009157,15047,939,934
40009159,15577,1386,1380
40009161,16445,1432,1426
40009162,10273,1042,1036
40009163,12985,1404,1398
40009165,13355,1334,1328
40009166,15577,1386,1380
40009167,16276,1615,1609
40009169,13054,280,275
40009170,13108,261,256
40009170,13108,261,256
40009172,13108,261,256
40009172,13108,261,256
40009173,13108,261,256
40009173,13108,261,256
40009175,12985,1404,1398
40009176,16301,1373,1367
40009177,15169,1091,1085
40009178,10054,1320,1314
40009180,13355,1334,1328
40009181,14552,1044,1038
40009183,10054,1320,1314
40009185,15114,1286,1280
40009188,15577,1386,1380
40009189,10775,1127,1121
40009189,10775,1127,1121
40009191,14745,1365,1359
40009192,14745,1365,1359
40009193,15169,1091,1085
40009195,10775,1127,1121
40009197,16275,1377,1371
40009199,16301,1373,1367
40009201,15161,969,964
40009202,15114,1286,1280
40009205,15530,1335,1329
40009208,13355,1334,1328
40009209,13067,1381,1375
40009210,13067,1381,1375
40009211,15114,1286,1280
40009212,15530,1335,1329
40009213,15296,1278,1272
40009215,14887,1319,1313
40009217,14887,1319,1313
40009218,15938,1272,1266
40009219,10775,1127,1121
40009229,10775,1127,1121
40009230,11002,900,895
40009231,15114,1286,1280
40009232,14745,1365,1359
40009234,13355,1334,1328
40009236,15577,1386,1380
40009237,14986,851,846
40009238,15114,1286,1280
40009239,13355,1334,1328
40009241,14184,533,528
40009243,13355,1334,1328
40009244,10775,1127,1121
40009244,10775,1127,1121
40009249,13768,816,811
40009257,10273,1042,1036
40009257,10273,1042,1036
40009259,15047,939,934
40009261,13108,261,256
40009265,13067,1381,1375
40009266,11516,303,298
40009268,14802,1395,1389
40009269,16445,1432,1426
40009270,15827,1345,1339
40009271,10054,1320,1314
40009272,15114,1286,1280
40009274,15577,1386,1380
40009278,10775,1127,1121
40009282,10775,1127,1121
40009283,14552,1044,1038
40009289,15126,948,943
40009290,15114,1286,1280
40009291,14552,1044,1038
40009294,10775,1127,1121
40009295,15114,1286,1280
40009296,10054,1320,1314
40009297,15577,1386,1380
40009298,13742,924,919
40009299,14986,851,846
40009303,15114,1286,1280
40009304,14801,1097,1091
40009304,14801,1097,1091
40009306,14801,1097,1091
40009306,14801,1097,1091
40009310,13054,280,275
40009312,13929,1401,1395
40009316,15188,984,979
40009323,11516,303,298
40009324,15077,992,987
40009325,10775,1127,1121
40009325,10775,1127,1121
40009326,10775,1127,1121
40009327,12905,248,243
40009328,15577,1386,1380
40009329,15577,1386,1380
40009330,11516,303,298
40009332,10055,301,296
40009333,14806,926,921
40009334,15577,1386,1380
40009335,15077,992,987
40009336,15577,1386,1380
40009338,15418,1045,1039
40009339,15577,1386,1380
40009340,15577,1386,1380
40009341,15418,1045,1039
40009342,15577,1386,1380
40009343,15577,1386,1380
40009344,15077,992,987
40009345,16445,1432,1426
40009346,13929,1401,1395
40009347,14802,1395,1389
40009349,13054,280,275
40009350,10155,1429,1423
40009353,15577,1386,1380
40009354,10775,1127,1121
40009355,15827,1345,1339
40009356,10775,1127,1121
40009357,12857,266,261
40009358,16276,1615,1609
40009360,15827,1345,1339
40009361,15114,1286,1280
40009362,15114,1286,1280
40009363,10775,1127,1121
40009363,10775,1127,1121
40009365,15577,1386,1380
40009366,15577,1386,1380
40009369,16288,1439,1433
40009370,15114,1286,1280
40009371,13054,280,275
40009372,15577,1386,1380
40009373,10775,1127,1121
40009373,10775,1127,1121
40009375,15114,1286,1280
40009378,10576,35,33
40009380,15114,1286,1280
40009381,10054,1320,1314
40009382,16267,1379,1373
40009383,15114,1286,1280
40009386,15114,1286,1280
40009388,10775,1127,1121
40009389,15577,1386,1380
40009391,14986,851,846
40009392,15577,1386,1380
40009401,15577,1386,1380
40009402,10775,1127,1121
40009405,15577,1386,1380
40009406,10775,1127,1121
40009412,15577,1386,1380
40009414,13067,1381,1375
40009415,16288,1439,1433
40009416,15046,850,845
40009417,16382,1393,1387
40009418,14802,1395,1389
40009419,10775,1127,1121
40009420,15849,1288,1282
40009421,10775,1127,1121
40009422,15114,1286,1280
40009423,13054,280,275
40009425,13054,280,275
40009426,10775,1127,1121
40009427,10775,1127,1121
40009428,15577,1386,1380
40009429,16382,1393,1387
40009430,14802,1395,1389
40009431,10054,1320,1314
40009434,15114,1286,1280
40009435,15577,1386,1380
40009438,15577,1386,1380
40009440,14802,1395,1389
40009441,14745,1365,1359
40009442,15577,1386,1380
40009443,15577,1386,1380
40009444,10775,1127,1121
40009445,10775,1127,1121
40009446,16288,1439,1433
40009449,15046,850,845
40009450,15079,883,878
40009451,10775,1127,1121
40009452,16457,1441,1435
40009453,15577,1386,1380
40009456,10775,1127,1121
40009457,10775,1127,1121
40009458,16400,1405,1399
40009459,16288,1439,1433
40009460,16267,1379,1373
40009461,10775,1127,1121
40009466,10775,1127,1121
40009468,15577,1386,1380
40009472,10775,1127,1121
40009474,10775,1127,1121
40009475,10775,1127,1121
40009475,10775,1127,1121
40009478,10775,1127,1121
40009480,10775,1127,1121
40009487,10775,1127,1121
40009488,10775,1127,1121
40009489,10775,1127,1121
40009491,15577,1386,1380
40009492,10775,1127,1121
40009493,10775,1127,1121
40009496,10775,1127,1121
40009497,14802,1395,1389
40009499,13054,280,275
40009504,16543,1515,1509
40009513,15047,939,934
40009527,13054,280,275
40009541,13054,280,275
40009551,13054,280,275
40009554,16241,1486,1480
40009557,15827,1345,1339
40009558,15114,1286,1280
40009559,16447,1468,1462
40009560,15114,1286,1280
40009562,15114,1286,1280
40009565,15114,1286,1280
40009566,13054,280,275
40009567,15114,1286,1280
40009568,15114,1286,1280
40009570,13742,924,919
40009571,13054,280,275
40009572,13054,280,275
40009573,16621,1559,1553
40009576,13067,1381,1375
40009577,15114,1286,1280
40009578,16276,1615,1609
40009579,15827,1345,1339
40009580,15114,1286,1280
40009581,15827,1345,1339
40009582,14570,611,606
40009584,15827,1345,1339
40009585,13929,1401,1395
40009586,15114,1286,1280
40009587,13054,280,275
40009588,16276,1615,1609
40009589,16410,1415,1409
40009590,15114,1286,1280
40009591,14857,1557,1551
40009591,14857,1557,1551
40009592,13054,280,275
40009593,11002,900,895
40009594,15114,1286,1280
40009595,15114,1286,1280
40009596,13067,1381,1375
40009597,13929,1401,1395
40009601,13929,1401,1395
40009602,16267,1379,1373
40009604,15699,1298,1292
40009605,15699,1298,1292
40009606,14542,600,595
40009606,14542,600,595
40009625,13054,280,275
40009626,15577,1386,1380
40009627,15827,1345,1339
40009629,14802,1395,1389
40009630,13067,1381,1375
40009631,12873,1421,1415
40009632,13209,352,347
40009633,15577,1386,1380
40009634,10775,1127,1121
40009635,10155,1429,1423
40009636,15577,1386,1380
40009637,13929,1401,1395
40009638,12873,1421,1415
40009639,10775,1127,1121
40009640,12873,1421,1415
40009641,12940,253,248
40009642,13929,1401,1395
40009643,10155,1429,1423
40009644,10775,1127,1121
40009645,15077,992,987
40009646,15577,1386,1380
40009647,10155,1429,1423
40009648,10155,1429,1423
40009649,15077,992,987
40009650,13929,1401,1395
40009651,12940,253,248
40009652,15077,992,987
40009653,10775,1127,1121
40009653,10775,1127,1121
40009654,16410,1415,1409
40009655,15729,1422,1416
40009656,12857,266,261
40009657,12873,1421,1415
40009658,10155,1429,1423
40009660,13929,1401,1395
40009661,16543,1515,1509
40009662,16478,1433,1427
40009663,12873,1421,1415
40009664,12857,266,261
40009665,12873,1421,1415
40009666,12873,1421,1415
40009667,13929,1401,1395
40009667,13929,1401,1395
40009668,15729,1422,1416
40009669,15077,992,987
40009670,16410,1415,1409
40009671,15077,992,987
40009672,15577,1386,1380
40009673,15729,1422,1416
40009719,13067,1381,1375
40009730,13067,1381,1375
40009736,16555,1572,1566
40009767,15416,1090,1084
40009768,16410,1415,1409
40009769,12985,1404,1398
40009770,13067,1381,1375
40009775,14975,835,830
40009787,14137,704,699
40009804,13054,280,275
40009823,13067,1381,1375
40009845,16543,1515,1509
40009846,16543,1515,1509
40009847,14975,835,830
40009848,13067,1381,1375
40009849,13067,1381,1375
40009850,13067,1381,1375
40009851,13067,1381,1375
40009852,13067,1381,1375
40009854,13067,1381,1375
40009855,13067,1381,1375
40009856,15729,1422,1416
40009856,15729,1422,1416
40009857,13067,1381,1375
40009858,13067,1381,1375
40009859,13067,1381,1375
40009860,13054,280,275
40009861,13067,1381,1375
40009862,16241,1486,1480
40009863,10775,1127,1121
40009863,10775,1127,1121
40009864,13067,1381,1375
40009865,16641,1603,1597
40009866,13054,280,275
40009867,13067,1381,1375
40009869,11516,303,298
40009870,16543,1515,1509
40009872,16301,1373,1367
40009873,13067,1381,1375
40009874,16626,1573,1567
40009875,16241,1486,1480
40009876,13054,280,275
40009877,16543,1515,1509
40009878,13054,280,275
40009879,13054,280,275
40009880,13054,280,275
40009881,15077,992,987
40009882,13054,280,275
40009883,15577,1386,1380
40009885,13067,1381,1375
40009886,16445,1432,1426
40009887,13067,1381,1375
40009888,13067,1381,1375
40009889,10775,1127,1121
40009890,10775,1127,1121
40009892,16445,1432,1426
40009894,10775,1127,1121
40009896,15287,1015,1010
40009897,16445,1432,1426
40009899,16445,1432,1426
40009900,13054,280,275
40009901,12179,165,160
40009902,16241,1486,1480
40009903,10775,1127,1121
40009904,10775,1127,1121
40009905,11618,274,269
40009906,13054,280,275
40009907,12179,165,160
40009908,11618,274,269
40009909,13067,1381,1375
40009910,13054,280,275
40009911,13054,280,275
40009912,16554,1518,1512
40009913,13054,280,275
40009914,13054,280,275
40009915,10775,1127,1121
40009915,10775,1127,1121
40009916,10775,1127,1121
40009916,10775,1127,1121
40009917,13067,1381,1375
40009918,14787,1121,1115
40009919,15729,1422,1416
40009919,15729,1422,1416
40009920,16301,1373,1367
40009921,13054,280,275
40009923,10775,1127,1121
40009923,10775,1127,1121
40009924,13067,1381,1375
40009925,16543,1515,1509
40009926,13054,280,275
40009927,13054,280,275
40009928,15577,1386,1380
40009930,14802,1395,1389
40009966,15410,1449,1443
40009969,14142,1666,1660
40009969,14142,1666,1660
40010005,13067,1381,1375
40010029,10775,1127,1121
40010030,13067,1381,1375
40010031,15077,992,987
40010032,15410,1449,1443
40010033,10775,1127,1121
40010034,13929,1401,1395
40010035,15526,1083,1077
40010036,15577,1386,1380
40010037,13929,1401,1395
40010038,13929,1401,1395
40010039,10775,1127,1121
40010040,13929,1401,1395
40010041,15287,1015,1010
40010042,15577,1386,1380
40010043,15077,992,987
40010044,15729,1422,1416
40010044,15729,1422,1416
40010045,15077,992,987
40010046,10775,1127,1121
40010048,13929,1401,1395
40010049,13929,1401,1395
40010050,13929,1401,1395
40010051,10775,1127,1121
40010052,15577,1386,1380
40010053,10775,1127,1121
40010055,15827,1345,1339
40010056,10775,1127,1121
40010057,10775,1127,1121
40010058,15544,1075,1069
40010059,15577,1386,1380
40010060,10775,1127,1121
40010061,10775,1127,1121
40010062,10775,1127,1121
40010063,15577,1386,1380
40010065,16514,1474,1468
40010066,16392,1541,1535
40010067,15083,889,884
40010068,13054,280,275
40010069,13054,280,275
40010070,16514,1474,1468
40010071,13054,280,275
40010072,10775,1127,1121
40010073,15577,1386,1380
40010074,10775,1127,1121
40010075,15577,1386,1380
40010076,13929,1401,1395
40010076,13929,1401,1395
40010078,16392,1541,1535
40010079,10775,1127,1121
40010080,10775,1127,1121
40010081,15577,1386,1380
40010082,10273,1042,1036
40010082,10273,1042,1036
40010083,16392,1541,1535
40010084,15077,992,987
40010085,15577,1386,1380
40010086,13209,352,347
40010088,15077,992,987
40010089,15577,1386,1380
40010090,16543,1515,1509
40010091,16508,1493,1487
40010092,13929,1401,1395
40010094,10273,1042,1036
40010095,16288,1439,1433
40010096,10939,1595,1589
40010097,13929,1401,1395
40010098,10775,1127,1121
40010098,10775,1127,1121
40010099,15577,1386,1380
40010100,16447,1468,1462
40010101,14599,616,611
40010105,15577,1386,1380
40010106,10775,1127,1121
40010107,13067,1381,1375
40010109,10775,1127,1121
40010110,13067,1381,1375
40010111,15577,1386,1380
40010112,16280,1500,1494
40010113,16426,1514,1508
40010114,15827,1345,1339
40010115,16280,1500,1494
40010117,10775,1127,1121
40010118,10775,1127,1121
40010119,10775,1127,1121
40010120,15577,1386,1380
40010121,10775,1127,1121
40010122,10775,1127,1121
40010123,10775,1127,1121
40010124,10775,1127,1121
40010125,10775,1127,1121
40010127,15577,1386,1380
40010128,13108,261,256
40010128,13108,261,256
40010129,16555,1572,1566
40010130,14802,1395,1389
40010179,13067,1381,1375
40010185,14745,1365,1359
40010187,13067,1381,1375
40010191,13054,280,275
40010192,13067,1381,1375
40010195,13648,1022,1017
40010199,16301,1373,1367
40010203,10273,1042,1036
40010203,10273,1042,1036
40010205,15077,992,987
40010206,13067,1381,1375
40010207,13108,261,256
40010211,14704,1465,1459
40010213,14704,1465,1459
40010214,11516,303,298
40010216,16276,1615,1609
40010217,13067,1381,1375
40010218,13815,539,534
40010220,13067,1381,1375
40010221,16276,1615,1609
40010222,16569,1533,1527
40010223,14115,494,489
40010224,12179,165,160
40010225,13067,1381,1375
40010227,12179,165,160
40010228,15577,1386,1380
40010229,16463,1723,1717
40010231,11516,303,298
40010232,14142,1666,1660
40010233,13067,1381,1375
40010234,13054,280,275
40010235,16276,1615,1609
40010236,13067,1381,1375
40010237,14745,1365,1359
40010238,14745,1365,1359
40010239,14857,1557,1551
40010239,14857,1557,1551
40010240,14986,851,846
40010241,13067,1381,1375
40010242,16276,1615,1609
40010243,16276,1615,1609
40010244,16426,1514,1508
40010245,16276,1615,1609
40010246,13067,1381,1375
40010247,13067,1381,1375
40010248,15114,1286,1280
40010249,16276,1615,1609
40010250,13067,1381,1375
40010251,13067,1381,1375
40010252,13067,1381,1375
40010253,14802,1395,1389
40010254,16543,1515,1509
40010255,16540,1584,1578
40010256,15442,1440,1434
40010257,16641,1603,1597
40010258,16637,1589,1583
40010260,13054,280,275
40010261,13054,280,275
40010262,16540,1584,1578
40010263,13054,280,275
40010264,13067,1381,1375
40010265,13067,1381,1375
40010266,13067,1381,1375
40010267,13054,280,275
40010268,16267,1379,1373
40010269,13067,1381,1375
40010270,13054,280,275
40010271,13054,280,275
40010272,16276,1615,1609
40010273,10775,1127,1121
40010273,10775,1127,1121
40010274,15442,1440,1434
40010275,13067,1381,1375
40010276,13998,1062,1056
40010277,12179,165,160
40010278,12179,165,160
40010279,13054,280,275
40010280,12179,165,160
40010281,13054,280,275
40010282,10775,1127,1121
40010283,12179,165,160
40010284,11002,900,895
40010285,13998,1062,1056
40010286,16641,1603,1597
40010287,13054,280,275
40010288,13054,280,275
40010289,15442,1440,1434
40010290,16545,1522,1516
40010292,16241,1486,1480
40010293,14913,865,860
40010294,13054,280,275
40010295,14147,1724,1718
40010296,13067,1381,1375
40010297,11002,900,895
40010298,11516,303,298
40010299,16275,1377,1371
40010300,13067,1381,1375
40010301,15577,1386,1380
40010302,16543,1515,1509
40010303,16641,1603,1597
40010305,13067,1381,1375
40010307,13067,1381,1375
40010308,12179,165,160
40010309,16426,1514,1508
40010310,13067,1381,1375
40010311,12179,165,160
40010312,13067,1381,1375
40010313,13067,1381,1375
40010315,16629,1585,1579
40010316,15114,1286,1280
40010317,13067,1381,1375
40010318,13054,280,275
40010319,10775,1127,1121
40010320,14986,851,846
40010321,15114,1286,1280
40010322,13067,1381,1375
40010324,10775,1127,1121
40010325,16288,1439,1433
40010325,16288,1439,1433
40010326,16241,1486,1480
40010327,13067,1381,1375
40010328,16267,1379,1373
40010330,13054,280,275
40010331,13067,1381,1375
40010332,15577,1386,1380
40010334,10775,1127,1121
40010335,13054,280,275
40010337,13067,1381,1375
40010338,15114,1286,1280
40010339,16276,1615,1609
40010340,13067,1381,1375
40010341,14142,1666,1660
40010367,14745,1365,1359
40010368,14745,1365,1359
40010378,16276,1615,1609
40010392,10775,1127,1121
40010392,10775,1127,1121
40010393,10775,1127,1121
40010393,10775,1127,1121
40010394,13067,1381,1375
40010396,10775,1127,1121
40010397,10775,1127,1121
40010397,10775,1127,1121
40010398,14975,835,830
40010399,16275,1377,1371
40010400,16543,1515,1509
40010401,14119,1529,1523
40010403,13067,1381,1375
40010405,13251,287,282
40010406,10775,1127,1121
40010407,16426,1514,1508
40010408,13067,1381,1375
40010411,11516,303,298
40010412,10775,1127,1121
40010413,16275,1377,1371
40010414,11516,303,298
40010415,13054,280,275
40010416,13054,280,275
40010417,16426,1514,1508
40010418,13611,966,961
40010419,10775,1127,1121
40010420,14142,1666,1660
40010421,10576,35,33
40010422,13054,280,275
40010423,15827,1345,1339
40010424,13067,1381,1375
40010425,16543,1515,1509
40010425,16543,1515,1509
40010426,16426,1514,1508
40010427,16604,1602,1596
40010428,16288,1439,1433
40010428,16288,1439,1433
40010429,16426,1514,1508
40010430,14142,1666,1660
40010431,16276,1615,1609
40010432,15416,1090,1084
40010433,16426,1514,1508
40010434,10775,1127,1121
40010434,10775,1127,1121
40010435,13067,1381,1375
40010438,15114,1286,1280
40010439,14570,611,606
40010441,10273,1042,1036
40010446,10273,1042,1036
40010449,13226,334,329
40010451,13054,280,275
40010452,13067,1381,1375
40010453,12098,150,145
40010458,15410,1449,1443
40010483,16392,1541,1535
40010490,13067,1381,1375
40010497,10939,1595,1589
40010499,13054,280,275
40010502,15187,987,982
40010506,13067,1381,1375
40010513,13067,1381,1375
40010539,13067,1381,1375
40010544,15849,1288,1282
40010546,16267,1379,1373
40010547,13054,280,275
40010548,13054,280,275
40010549,13054,280,275
40010550,13054,280,275
40010552,13067,1381,1375
40010553,13067,1381,1375
40010554,16267,1379,1373
40010555,13054,280,275
40010556,13054,280,275
40010557,13054,280,275
40010560,15077,992,987
40010561,13054,280,275
40010562,13054,280,275
40010563,14787,1121,1115
40010565,13054,280,275
40010566,13054,280,275
40010568,15077,992,987
40010569,13067,1381,1375
40010570,16301,1373,1367
40010571,15114,1286,1280
40010572,15077,992,987
40010573,13054,280,275
40010576,13054,280,275
40010577,14986,851,846
40010578,15827,1345,1339
40010579,14570,611,606
40010580,15849,1288,1282
40010581,13067,1381,1375
40010582,15410,1449,1443
40010586,16392,1541,1535
40010587,15114,1286,1280
40010588,13067,1381,1375
40010590,15827,1345,1339
40010592,13067,1381,1375
40010593,13054,280,275
40010594,14599,616,611
40010595,15114,1286,1280
40010597,10896,273,268
40010598,15827,1345,1339
40010599,15410,1449,1443
40010600,13067,1381,1375
40010601,15114,1286,1280
40010602,16276,1615,1609
40010603,13067,1381,1375
40010605,15410,1449,1443
40010655,13648,1022,1017
40010688,15980,1305,1299
40010700,14857,1557,1551
40010700,14857,1557,1551
40010701,13067,1381,1375
40010702,14857,1557,1551
40010704,14857,1557,1551
40010704,14857,1557,1551
40010705,14857,1557,1551
40010706,14857,1557,1551
40010706,14857,1557,1551
40010708,14857,1557,1551
40010712,14857,1557,1551
40010714,13108,261,256
40010714,13108,261,256
40010715,16392,1541,1535
40010719,16392,1541,1535
40010720,16392,1541,1535
40010721,16392,1541,1535
40010722,13067,1381,1375
40010723,16392,1541,1535
40010724,16392,1541,1535
40010725,16392,1541,1535
40010727,16392,1541,1535
40010728,16392,1541,1535
40010729,13054,280,275
40010730,16392,1541,1535
40010731,11516,303,298
40010734,10498,541,536
40010735,10775,1127,1121
40010736,16267,1379,1373
40010737,10896,273,268
40010737,10896,273,268
40010739,10775,1127,1121
40010740,10939,1595,1589
40010741,16267,1379,1373
40010742,16276,1615,1609
40010743,16267,1379,1373
40010744,13067,1381,1375
40010745,16276,1615,1609
40010746,15938,1272,1266
40010747,15938,1272,1266
40010748,13247,282,277
40010749,16267,1379,1373
40010750,11516,303,298
40010751,13067,1381,1375
40010752,16276,1615,1609
40010754,13067,1381,1375
40010755,13067,1381,1375
40010756,11516,303,298
40010757,13067,1381,1375
40010758,13067,1381,1375
40010759,13067,1381,1375
40010761,14975,835,830
40010762,16276,1615,1609
40010763,16267,1379,1373
40010764,16267,1379,1373
40010765,10939,1595,1589
40010766,16267,1379,1373
40010769,13067,1381,1375
40010771,16267,1379,1373
40010772,15238,1681,1675
40010773,16555,1572,1566
40010774,13067,1381,1375
40010775,13067,1381,1375
40010776,13067,1381,1375
40010777,13067,1381,1375
40010778,13067,1381,1375
40010781,13067,1381,1375
40010782,13067,1381,1375
40010783,13067,1381,1375
40010784,13067,1381,1375
40010785,15047,939,934
40010786,13067,1381,1375
40010789,13067,1381,1375
40010790,16392,1541,1535
40010791,16141,1333,1327
40010792,16392,1541,1535
40010793,16276,1615,1609
40010794,10896,273,268
40010795,16276,1615,1609
40010796,16276,1615,1609
40010797,16276,1615,1609
40010798,16276,1615,1609
40010799,13067,1381,1375
40010800,13067,1381,1375
40010801,13067,1381,1375
40010802,11516,303,298
40010803,13067,1381,1375
40010804,13067,1381,1375
40010805,13067,1381,1375
40010806,16276,1615,1609
40010807,14142,1666,1660
40010808,11516,303,298
40010810,13067,1381,1375
40010811,11516,303,298
40010812,16861,1740,1734
40010813,13067,1381,1375
40010814,13067,1381,1375
40010815,13067,1381,1375
40010816,13067,1381,1375
40010817,16276,1615,1609
40010818,10939,1595,1589
40010819,13067,1381,1375
40010820,15410,1449,1443
40010821,13067,1381,1375
40010822,13067,1381,1375
40010824,15047,939,934
40010827,16301,1373,1367
40010829,16276,1615,1609
40010831,14577,1800,1794
40010832,16715,1656,1650
40010833,13067,1381,1375
40010835,16276,1615,1609
40010837,13067,1381,1375
40010838,16774,1702,1696
40010840,16276,1615,1609
40010841,15729,1422,1416
40010841,15729,1422,1416
40010842,11516,303,298
40010843,13067,1381,1375
40010844,13067,1381,1375
40010845,10939,1595,1589
40010847,13067,1381,1375
40010849,16267,1379,1373
40010850,13067,1381,1375
40010851,13067,1381,1375
40010852,13067,1381,1375
40010854,16555,1572,1566
40010855,16276,1615,1609
40010856,13067,1381,1375
40010858,12905,248,243
40010859,10775,1127,1121
40010859,10775,1127,1121
40010860,16267,1379,1373
40010861,16267,1379,1373
40010862,13067,1381,1375
40010864,16276,1615,1609
40010865,16276,1615,1609
40010868,13108,261,256
40010870,10273,1042,1036
40010871,13108,261,256
40010873,13108,261,256
40010877,10273,1042,1036
40010878,13648,1022,1017
40010880,13067,1381,1375
40010883,13648,1022,1017
40010885,13648,1022,1017
40010886,13648,1022,1017
40010887,13648,1022,1017
40010888,13648,1022,1017
40010889,16276,1615,1609
40010894,14857,1557,1551
40010894,14857,1557,1551
40010895,14857,1557,1551
40010897,14857,1557,1551
40010897,14857,1557,1551
40010898,14857,1557,1551
40010899,14857,1557,1551
40010900,15238,1681,1675
40010904,13067,1381,1375
40010905,13648,1022,1017
40010906,13648,1022,1017
40010909,13067,1381,1375
40010916,16276,1615,1609
40010919,16276,1615,1609
40010920,15187,987,982
40010921,13648,1022,1017
40010923,15047,939,934
40010925,15047,939,934
40010925,15047,939,934
40010926,13067,1381,1375
40010927,13067,1381,1375
40010928,13067,1381,1375
40010929,13067,1381,1375
40010930,13067,1381,1375
40010931,13067,1381,1375
40010932,13067,1381,1375
40010933,13067,1381,1375
40010934,13067,1381,1375
40010935,13067,1381,1375
40010936,13067,1381,1375
40010937,13067,1381,1375
40010939,10775,1127,1121
40010939,10775,1127,1121
40010940,12940,253,248
40010942,14045,1718,1712
40010945,13067,1381,1375
40010946,13067,1381,1375
40010947,10775,1127,1121
40010947,10775,1127,1121
40010948,16276,1615,1609
40010949,16276,1615,1609
40010950,14745,1365,1359
40010951,14745,1365,1359
40010952,10775,1127,1121
40010952,10775,1127,1121
40010953,13067,1381,1375
40010955,13067,1381,1375
40010956,13067,1381,1375
40010958,13067,1381,1375
40010960,14857,1557,1551
40010963,14745,1365,1359
40010997,15238,1681,1675
40011092,16720,1669,1663
40011092,16720,1669,1663
40011097,16976,1798,1792
40011099,16241,1486,1480
40011110,16720,1669,1663
40011110,16720,1669,1663
40011115,15114,1286,1280
40011116,16774,1702,1696
40011119,13067,1381,1375
40011121,14142,1666,1660
40011125,16540,1584,1578
40011127,10351,522,517
40011128,16288,1439,1433
40011132,15114,1286,1280
40011133,13067,1381,1375
40011134,16774,1702,1696
40011135,15849,1288,1282
40011137,13067,1381,1375
40011141,13067,1381,1375
40011142,13067,1381,1375
40011148,13067,1381,1375
40011151,13067,1381,1375
40011152,13067,1381,1375
40011156,13067,1381,1375
40011157,10775,1127,1121
40011158,13067,1381,1375
40011159,13067,1381,1375
40011160,16241,1486,1480
40011161,16555,1572,1566
40011163,16301,1373,1367
40011165,13067,1381,1375
40011166,13067,1381,1375
40011167,16555,1572,1566
40011169,16555,1572,1566
40011170,10775,1127,1121
40011170,10775,1127,1121
40011181,13067,1381,1375
40011183,16555,1572,1566
40011184,16555,1572,1566
40011186,13067,1381,1375
40011187,16276,1615,1609
40011188,16555,1572,1566
40011189,15077,992,987
40011190,16267,1379,1373
40011193,13067,1381,1375
40011194,13067,1381,1375
40011195,13067,1381,1375
40011196,13067,1381,1375
40011197,16555,1572,1566
40011198,13067,1381,1375
40011199,16392,1541,1535
40011199,16392,1541,1535
40011200,16774,1702,1696
40011201,13067,1381,1375
40011202,13067,1381,1375
40011270,15238,1681,1675
40011274,15047,939,934
40011274,15047,939,934
40011306,14147,1724,1718
40011307,15827,1345,1339
40011308,15827,1345,1339
40011309,16392,1541,1535
40011309,16392,1541,1535
40011314,13067,1381,1375
40011315,10775,1127,1121
40011315,10775,1127,1121
40011316,13067,1381,1375
40011318,13067,1381,1375
40011320,13067,1381,1375
40011321,13067,1381,1375
40011322,13067,1381,1375
40011323,13067,1381,1375
40011324,13067,1381,1375
40011329,14147,1724,1718
40011330,14147,1724,1718
40011331,13067,1381,1375
40011332,14542,600,595
40011334,16392,1541,1535
40011334,16392,1541,1535
40011335,13067,1381,1375
40011337,13067,1381,1375
40011340,13067,1381,1375
40011344,15827,1345,1339
40011346,13067,1381,1375
40011347,13067,1381,1375
40011348,13067,1381,1375
40011349,15410,1449,1443
40011350,13067,1381,1375
40011351,16555,1572,1566
40011352,16715,1656,1650
40011353,13067,1381,1375
40011354,10775,1127,1121
40011355,15410,1449,1443
40011356,10775,1127,1121
40011356,10775,1127,1121
40011357,13067,1381,1375
40011358,13067,1381,1375
40011359,13067,1381,1375
40011360,10775,1127,1121
40011360,10775,1127,1121
40011361,16753,1686,1680
40011362,10775,1127,1121
40011363,16753,1686,1680
40011364,10775,1127,1121
40011366,13067,1381,1375
40011367,10775,1127,1121
40011367,10775,1127,1121
40011368,15410,1449,1443
40011369,10775,1127,1121
40011370,10775,1127,1121
40011372,15729,1422,1416
40011372,15729,1422,1416
40011373,10775,1127,1121
40011373,10775,1127,1121
40011374,13067,1381,1375
40011375,14878,1124,1118
40011376,16555,1572,1566
40011377,13067,1381,1375
40011378,13067,1381,1375
40011379,13067,1381,1375
40011380,15827,1345,1339
40011381,10775,1127,1121
40011382,10775,1127,1121
40011383,13067,1381,1375
40011384,10775,1127,1121
40011385,13067,1381,1375
40011386,13067,1381,1375
40011387,13067,1381,1375
40011388,13067,1381,1375
40011389,14806,926,921
40011390,16629,1585,1579
40011391,13067,1381,1375
40011392,15827,1345,1339
40011393,13067,1381,1375
40011394,16743,1682,1676
40011394,16743,1682,1676
40011395,13067,1381,1375
40011396,13067,1381,1375
40011397,13067,1381,1375
40011398,13067,1381,1375
40011472,14142,1666,1660
40011491,15577,1386,1380
40011524,15587,1086,1080
40011577,16743,1682,1676
40011577,16743,1682,1676
40011588,13226,334,329
40011588,13226,334,329
40011591,15238,1681,1675
40011594,16774,1702,1696
40011595,16753,1686,1680
40011596,16713,1695,1689
40011597,16753,1686,1680
40011598,16753,1686,1680
40011599,16753,1686,1680
40011601,13054,280,275
40011605,13067,1381,1375
40011609,16301,1373,1367
40011611,16392,1541,1535
40011612,16543,1515,1509
40011614,16463,1723,1717
40011616,15077,992,987
40011617,16392,1541,1535
40011617,16392,1541,1535
40011618,16629,1585,1579
40011619,16392,1541,1535
40011620,15526,1083,1077
40011621,16543,1515,1509
40011623,16543,1515,1509
40011623,16543,1515,1509
40011627,14147,1724,1718
40011628,13067,1381,1375
40011629,15587,1086,1080
40011632,13067,1381,1375
40011633,15587,1086,1080
40011634,15587,1086,1080
40011635,10775,1127,1121
40011636,16629,1585,1579
40011637,13054,280,275
40011638,16629,1585,1579
40011641,12869,218,213
40011643,15077,992,987
40011644,16301,1373,1367
40011646,13067,1381,1375
40011647,13067,1381,1375
40011648,13067,1381,1375
40011649,16392,1541,1535
40011650,14147,1724,1718
40011651,14147,1724,1718
40011652,13067,1381,1375
40011653,11057,1276,1270
40011655,11002,900,895
40011655,11002,900,895
40011657,15077,992,987
40011658,15077,992,987
40011659,14147,1724,1718
40011660,15077,992,987
40011661,11057,1276,1270
40011662,14147,1724,1718
40011668,16720,1669,1663
40011668,16720,1669,1663
40011669,14147,1724,1718
40011670,15077,992,987
40011671,16555,1572,1566
40011672,16812,1731,1725
40011673,15530,1335,1329
40011674,14147,1724,1718
40011675,16463,1723,1717
40011676,16899,1769,1763
40011678,16280,1500,1494
40011679,15077,992,987
40011680,10775,1127,1121
40011682,10775,1127,1121
40011683,10775,1127,1121
40011686,13067,1381,1375
40011687,15077,992,987
40011688,15587,1086,1080
40011689,13067,1381,1375
40011690,16834,1806,1800
40011691,11398,735,730
40011691,11398,735,730
40011692,10775,1127,1121
40011693,15587,1086,1080
40011695,15296,1278,1272
40011698,11002,900,895
40011700,10775,1127,1121
40011701,14147,1724,1718
40011702,16247,1771,1765
40011703,14147,1724,1718
40011705,13054,280,275
40011706,10273,1042,1036
40011707,15587,1086,1080
40011710,14986,851,846
40011712,13067,1381,1375
40011713,11057,1276,1270
40011714,15114,1286,1280
40011715,13067,1381,1375
40011716,16731,1703,1697
40011717,13067,1381,1375
40011720,10273,1042,1036
40011721,13067,1381,1375
40011722,13067,1381,1375
40011724,16774,1702,1696
40011725,14147,1724,1718
40011728,16247,1771,1765
40011729,16713,1695,1689
40011730,14147,1724,1718
40011731,16555,1572,1566
40011732,14147,1724,1718
40011733,14147,1724,1718
40011735,15575,1099,1093
40011736,15077,992,987
40011737,11057,1276,1270
40011739,16899,1769,1763
40011740,16301,1373,1367
40011741,14147,1724,1718
40011742,16392,1541,1535
40011743,16392,1541,1535
40011744,13067,1381,1375
40011745,12503,175,170
40011747,11002,900,895
40011748,10775,1127,1121
40011749,14147,1724,1718
40011798,16774,1702,1696
40011862,14045,1718,1712
40011869,15382,1734,1728
40011915,16720,1669,1663
40011915,16720,1669,1663
40011998,15047,939,934
40011998,15047,939,934
40012010,16743,1682,1676
40012011,16720,1669,1663
40012013,16720,1669,1663
40012013,16720,1669,1663
40012016,16720,1669,1663
40012030,16743,1682,1676
40012030,16743,1682,1676
40012031,16720,1669,1663
40012031,16720,1669,1663
40012034,16720,1669,1663
40012034,16720,1669,1663
40012035,14045,1718,1712
40012036,16743,1682,1676
40012038,16743,1682,1676
40012039,16720,1669,1663
40012039,16720,1669,1663
40012041,16743,1682,1676
40012046,13772,367,362
40012048,15187,987,982
40012049,11890,1763,1757
40012051,11139,1727,1721
40012058,15238,1681,1675
40012058,15238,1681,1675
40012060,16874,1794,1788
40012073,16976,1798,1792
40012074,14803,1728,1722
40012076,16543,1515,1509
40012079,16976,1798,1792
40012080,16976,1798,1792
40012082,14803,1728,1722
40012083,16743,1682,1676
40012083,16743,1682,1676
40012084,14803,1728,1722
40012086,16743,1682,1676
40012087,16834,1806,1800
40012087,16834,1806,1800
40012091,16834,1806,1800
40012100,13226,334,329
40012100,13226,334,329
40012102,16715,1656,1650
40012105,16247,1771,1765
40012106,16508,1493,1487
40012108,14577,1800,1794
40012108,14577,1800,1794
40012109,10775,1127,1121
40012110,10775,1127,1121
40012111,16629,1585,1579
40012113,10775,1127,1121
40012115,14806,926,921
40012121,16715,1656,1650
40012122,10498,541,536
40012123,15238,1681,1675
40012128,16247,1771,1765
40012129,15577,1386,1380
40012131,10775,1127,1121
40012133,15047,939,934
40012134,16871,1792,1786
40012136,15577,1386,1380
40012137,15577,1386,1380
40012138,15587,1086,1080
40012139,15047,939,934
40012140,13209,352,347
40012140,13209,352,347
40012142,16543,1515,1509
40012143,15577,1386,1380
40012144,10775,1127,1121
40012146,13742,924,919
40012147,16629,1585,1579
40012149,13742,924,919
40012150,15577,1386,1380
40012151,10775,1127,1121
40012152,15047,939,934
40012153,15577,1386,1380
40012154,15047,939,934
40012168,16247,1771,1765
40012170,10775,1127,1121
40012171,13067,1381,1375
40012172,13067,1381,1375
40012174,15047,939,934
40012174,15047,939,934
40012175,11057,1276,1270
40012175,11057,1276,1270
40012176,10775,1127,1121
40012177,10775,1127,1121
40012177,10775,1127,1121
40012178,15077,992,987
40012180,15077,992,987
40012181,15077,992,987
40012185,15938,1272,1266
40012186,15577,1386,1380
40012187,13067,1381,1375
40012189,15047,939,934
40012190,15077,992,987
40012193,10775,1127,1121
40012194,15577,1386,1380
40012195,15587,1086,1080
40012196,10775,1127,1121
40012196,10775,1127,1121
40012198,16947,1790,1784
40012200,15577,1386,1380
40012202,11057,1276,1270
40012203,15577,1386,1380
40012207,15077,992,987
40012208,15577,1386,1380
40012209,15577,1386,1380
40012211,10775,1127,1121
40012213,15577,1386,1380
40012214,16871,1792,1786
40012215,16871,1792,1786
40012216,16604,1602,1596
40012218,15188,984,979
40012221,16871,1792,1786
40012222,14577,1800,1794
40012222,14577,1800,1794
40012224,16871,1792,1786
40012225,16834,1806,1800
40012226,16834,1806,1800
40012226,16834,1806,1800
40012227,16871,1792,1786
40012228,16834,1806,1800
40012228,16834,1806,1800
40012230,16604,1602,1596
40012231,16871,1792,1786
40012234,16604,1602,1596
40012237,16871,1792,1786
40012247,16874,1794,1788
40012248,14577,1800,1794
40012250,14577,1800,1794
40012254,12025,284,279
40012254,12025,284,279
40012365,15340,1041,1035
